package_id,code_count,word_count
31,66,1976
37,0,5
53,0,5
77,4,91
96,0,5
100,0,132
145,1,185
151,0,2
184,2,30
216,0,5
238,0,19
251,6,760
398,8,299
419,14,379
534,12,156
554,0,5
574,0,5
580,0,5
585,0,28
597,8,998
644,0,15
694,4,98
733,28,487
760,0,7
777,0,5
809,3,51
833,2,73
836,0,12
850,6,385
874,0,6
909,0,19
922,14,731
923,0,8
997,0,3
1004,6,97
1065,2,913
1077,4,363
1111,0,5
1140,2,126
1180,12,383
1202,0,1064
1339,6,331
1356,2,54
1373,2,24
1418,0,17
1436,8,770
1460,8,144
1499,60,7643
1586,2,207
1694,1,82
1729,0,5
1730,0,7
1764,4,202
1919,2,224
1944,8,1529
1976,0,4
2056,0,45
2194,117,3593
2223,10,231
2239,0,12
2259,4,272
2323,0,28
2333,6,606
2335,8,816
2357,2,113
2381,2,17
2400,14,33
2412,10,834
2414,9,561
2456,6,251
2463,16,1064
2473,0,21
2482,0,5
2484,6,350
2576,0,5
2583,14,160
2586,12,608
2597,8,116
2671,0,5
2674,2,54
2719,8,260
2733,0,5
2753,26,660
2801,0,108
2803,0,108
2923,0,3
2956,7,155
2970,0,5
2992,6,89
3007,0,5
3091,6,202
3116,18,216
3120,16,2217
3173,22,441
3237,24,468
3251,6,75
3252,0,9
3263,0,137
3269,0,5
3295,4,192
3324,2,156
3327,0,136
3333,2,113
3378,2,99
3414,2,59
3441,0,11
3495,4,265
3542,14,357
3589,0,9
3590,4,79
3692,0,805
3740,0,17
3768,0,18
3777,0,17
3872,22,1759
3920,10,835
3970,2,223
4031,0,4
4039,8,102
4068,0,5
4148,6,332
4150,0,260
4181,6,188
4204,9,687
4216,12,376
4245,0,1
4292,2,64
4301,5,79
4303,12,480
4345,10,864
4375,10,305
4383,8,171
4393,14,289
4397,8,131
4426,42,3294
4430,6,688
4457,6,70
4488,3,458
4508,10,291
4658,0,6
4683,0,64
4730,0,67
4746,6,376
4771,32,1240
4788,14,578
4801,0,6
4811,6,199
4858,0,3
4873,6,180
4888,4,202
4900,1,85
4902,2,91
4917,20,671
4984,20,470
4995,2,263
5019,6,128
5078,2,96
5084,6,131
5102,18,759
5105,8,918
5138,2,199
5166,30,1802
5203,17,460
5320,9,541
5375,6,241
5397,0,7
5480,12,442
5499,4,792
5558,0,41
5577,18,1049
5603,0,110
5616,6,256
5622,8,305
5648,12,146
5669,2,102
5719,24,471
5826,4,467
5851,2,58
5859,4,134
5869,12,137
5905,6,321
5955,4,123
5978,5,143
5981,0,5
6014,6,186
6016,3,127
6043,2,21
6068,4,346
6070,8,161
6136,6,285
6172,0,26
6179,1,26
6189,6,86
6194,6,126
6239,10,293
6291,4,92
6300,3,46
6308,7,275
6384,4,58
6410,4,36
6524,4,58
6528,4,214
6539,0,6
6543,6,88
6590,6,112
6652,0,10
6678,80,3412
6696,26,427
6715,0,10
6722,3,249
6808,9,1177
6891,16,615
6914,14,578
6915,2,468
6933,0,5
6957,9,595
7066,0,30
7090,6,235
7153,8,437
7163,8,273
7187,8,198
7201,0,86
7240,0,52
7249,2,350
7329,2,29
7334,0,95
7336,0,29
7338,6,149
7341,4,14
7352,4,21
7399,2,200
7404,0,29
7481,44,1513
7497,4,54
7519,0,7
7562,2,40
7576,6,85
7632,0,5
7646,0,5
7838,6,561
7841,4,326
7852,8,920
7890,0,13
7977,2,205
8007,2,283
8023,11,500
8045,8,117
8054,9,1357
8077,0,71
8093,7,233
8136,14,107
8246,8,124
8278,0,52
8288,0,10
8317,6,221
8322,8,193
8328,6,151
8371,4,61
8389,0,6
8421,2,31
8448,6,110
8476,2,31
8481,0,2
8508,0,27
8577,22,789
8580,0,5
8612,0,4
8659,0,5
8709,75,2464
8718,4,153
8724,2,37
8750,8,363
8787,0,10
8823,0,10
8836,18,657
8854,12,1277
8904,2,566
9033,2,34
9072,2,45
9073,4,43
9077,6,125
9079,6,125
9137,8,351
9150,0,63
9160,4,247
9162,4,214
9192,0,5
9206,4,196
9236,4,76
9248,10,198
9342,6,235
9350,10,315
9403,0,11
9421,0,5
9445,2,44
9466,0,173
9497,8,244
9506,4,344
9517,5,248
9520,8,638
9601,0,6
9603,2,51
9610,6,367
9706,0,11
9826,22,536
9883,2,115
9895,0,5
9935,10,281
9938,4,234
9965,0,218
9992,4,60
10052,0,5
10067,2,251
10107,4,171
10114,2,238
10261,8,710
10295,9,259
10313,0,7
10394,4,196
10415,2,42
10439,14,811
10457,4,414
10481,6,190
10505,0,2
10523,0,2
10540,0,5
10562,14,298
10573,14,389
10599,0,514
10610,4,49
10635,24,167
10695,28,340
10768,62,3144
10779,0,5
10780,0,5
10837,4,274
10864,26,586
10914,0,5
10980,0,7
10986,0,5
10987,4,171
11046,2,176
11047,2,156
11049,2,150
11132,4,143
11152,0,5
11192,0,44
11245,3,33
11248,14,284
11280,16,650
11308,5,246
11378,8,284
11381,0,10
11452,0,5
11473,14,710
11527,6,84
11534,6,414
11537,0,26
11545,0,5
11597,0,5
11631,2,116
11638,0,5
11700,0,151
11708,4,58
11774,2,201
11805,22,522
11855,2,136
11892,4,81
11919,10,156
12166,0,6
12172,2,31
12194,2,187
12209,6,40
12235,6,61
12239,0,5
12330,4,169
12351,6,63
12368,8,67
12379,8,51
12389,0,14
12416,8,52
12462,0,4
12516,0,5
12522,8,41
12558,4,90
12575,4,136
12585,2,20
12640,4,177
12721,1,18
12767,2,205
12781,2,130
12854,0,5
12865,10,478
12939,30,2957
12953,0,152
12960,2,436
12987,1,66
13051,4,368
13074,93,5202
13127,83,4281
13197,7,304
13222,34,955
13259,5,235
13261,8,145
13295,4,634
13301,10,849
13321,6,242
13326,6,723
13342,4,47
13349,4,147
13369,0,5
13422,4,266
13432,0,5
13461,4,163
13532,0,5
13666,0,5
13711,10,264
13747,0,5
13758,6,293
13839,10,148
13846,6,104
13915,0,56
13938,0,5
13950,6,113
13972,0,40
14025,3,167
14044,5,227
14065,0,41
14174,0,88
14201,4,163
14278,4,235
14283,12,84
14306,0,76
14343,6,199
14365,10,237
14408,8,112
14410,0,15
14418,0,14
14421,0,13
14443,0,5
14460,0,6
14489,0,9
14537,0,25
14544,0,5
14591,10,620
14596,28,961
14618,4,65
14657,6,47
14682,16,670
14752,0,14
14758,20,792
14781,0,5
14883,0,5
14885,4,716
14892,0,5
14894,4,125
14923,10,142
14954,8,362
14957,26,1172
15018,0,6
15019,6,13
15023,2,70
15026,2,75
15032,15,1314
15084,6,309
15092,20,746
15096,11,523
15111,4,83
15229,4,145
15344,8,102
15349,8,218
15362,5,117
15367,0,58
15448,6,126
15452,3,321
15481,0,5
15563,0,5
15589,0,5
15633,0,2
15662,0,5
15673,0,8
15686,6,665
15849,2,57
15855,8,528
15889,8,445
15896,0,5
15904,26,608
15907,2,51
15915,18,546
15994,3,90
15996,5,171
16018,2,191
16071,4,98
16126,0,2
16143,4,24
16246,0,182
16263,1,159
16264,1,154
16269,0,203
16296,8,163
16305,1,168
16321,1,172
16352,1,167
16369,2,80
16396,8,168
16413,0,228
16420,8,683
16438,4,138
16452,1,355
16502,0,9
16505,4,914
16511,8,308
16512,6,116
16516,2,233
16587,3,165
16648,0,5
16691,2,207
16734,2,65
16760,4,76
16776,18,310
16801,3,91
16842,20,1208
16851,2,90
16965,10,185
16990,68,9173
17014,0,3
17044,0,4
17115,5,266
17148,6,169
17159,2,94
17202,5,344
17231,0,7
17252,0,17
17255,0,5
17263,6,210
17333,10,198
17359,4,489
17383,0,87
17416,2,650
17441,4,159
17452,4,129
17530,0,1
17531,8,134
17599,0,224
17612,4,92
17677,0,5
17685,2,95
17712,2,394
17815,0,44
17831,2,44
17851,8,427
17882,66,1724
17915,4,48
17964,4,1226
17979,0,5
18011,1,70
18045,3,173
18046,0,5
18056,14,518
18119,0,58
18165,0,18
18168,0,2
18209,0,5
18245,63,2535
18295,8,421
18336,4,30
18359,7,488
18395,0,10
18406,3,95
18426,8,198
18437,0,15
18439,0,5
18445,0,2
18453,18,465
18473,5,227
18522,26,1741
18534,0,5
18583,6,340
18606,0,12
18643,9,325
18711,1,29
18717,0,205
18766,6,79
18784,8,240
18862,8,126
18947,0,5
18976,2,107
19014,6,337
19037,5,252
19038,12,267
19104,8,636
19110,0,5
19133,0,452
19243,4,258
19277,30,1607
19328,4,209
19347,6,108
19366,0,13
19443,4,58
19518,6,382
19542,4,98
19617,4,260
19702,0,46
19714,6,114
19758,4,113
19822,4,400
19865,0,5
19905,6,129
19924,8,413
19946,6,479
19948,12,267
19954,4,416
20010,10,469
20058,1,123
20070,12,519
20080,4,82
20131,3,149
20134,4,41
20144,2,42
20153,4,35
20164,6,235
20189,0,54
20197,4,157
20229,8,131
20245,5,200
20247,10,315
20286,36,1736
20309,0,5
20344,6,45
20394,4,130
20408,6,121
20440,2,158
20453,0,5
20477,0,190
20478,22,535
20498,2,292
20521,10,271
20604,10,471
20648,4,389
20654,5,104
20734,2,20
20820,0,5
20849,4,322
20859,6,431
20880,0,7
20926,16,1257
20940,0,6
20959,2,245
20989,0,5
21008,0,362
21011,26,1493
21043,0,3
21047,4,148
21082,4,32
21091,0,80
21093,10,1184
21106,8,252
21111,4,60
21121,0,5
21191,4,175
21224,6,672
21234,6,178
21243,7,497
21270,4,172
21288,4,180
21320,1,352
21331,0,5
21359,41,515
21382,0,1
21410,0,122
21457,30,2194
21490,0,22
21506,0,5
21530,2,256
21546,0,21
21583,0,10
21654,0,5
21682,6,502
21697,2,149
21700,16,284
21711,5,122
21712,0,5
21778,9,463
21800,0,43
21817,5,100
21830,2,185
21919,0,5
21984,90,5393
21985,2,318
22036,3,247
22066,4,132
22068,0,22
22085,0,5
22086,0,5
22154,4,405
22175,0,4
22176,0,3
22189,1,48
22192,0,5
22198,1,154
22257,6,108
22287,11,409
22288,2,113
22296,6,275
22322,6,57
22346,12,431
22435,6,131
22507,14,802
22596,92,6987
22611,2,193
22657,2,300
22696,2,485
22723,10,290
22750,0,70
22753,4,459
22756,2,141
22763,12,1622
22790,0,29
22791,4,421
22799,27,713
22839,7,617
22905,0,5
22929,6,431
22963,2,42
23001,4,29
23024,2,104
23058,0,5
23073,2,197
23074,24,2262
23083,6,229
23090,1,103
23221,2,136
23259,10,285
23329,0,57
23338,0,30
23341,8,176
23357,4,34
23391,10,528
23402,0,68
23437,28,1055
23512,4,556
23607,0,59
23678,0,13
23714,0,5
23760,0,2
23762,4,74
23868,10,85
23903,4,233
23909,0,178
23930,8,742
23933,0,5
23959,1,3
23991,0,5
24019,0,15
24042,0,8
24054,0,20
24062,0,17
24073,0,4
24078,0,5
24119,0,5
24128,0,2
24141,0,13
24143,0,6
24151,0,5
24169,0,5
24188,4,219
24230,4,244
24307,2,158
24403,0,5
24413,28,645
24425,0,131
24500,3,248
24507,3,156
24516,0,5
24517,0,5
24519,8,140
24562,11,421
24620,1,192
24629,3,104
24637,2,95
24670,3,89
24697,2,269
24701,2,209
24703,2,199
24725,6,347
24727,4,564
24739,10,203
24758,9,319
24870,4,27
24883,0,5
24907,4,33
24932,3,36
24964,0,5
25119,26,988
25133,2,15
25155,16,1513
25211,4,379
25214,2,24
25222,2,208
25267,18,781
25305,6,88
25325,10,180
25328,2,149
25359,2,39
25361,10,478
25423,4,1464
25428,0,1
25448,0,15
25487,4,302
25491,6,171
25530,8,1344
25564,6,1238
25589,4,42
25613,0,213
25720,4,443
25740,0,6
25742,0,6
25887,14,955
25894,0,8
25924,0,5
25955,5,869
26068,6,114
26090,0,5
26145,0,34
26236,0,5
26276,2,30
26365,0,8
26422,4,29
26428,10,329
26463,0,5
26490,2,36
26516,22,746
26546,0,13
26549,0,115
26585,2,197
26591,0,7
26609,16,738
26618,0,119
26641,22,565
26655,0,35
26708,6,126
26711,4,86
26724,6,468
26753,6,90
26764,3,82
26820,0,5
26874,4,93
26913,5,241
26926,4,453
26938,4,45
26952,4,46
26965,4,46
26969,2,38
26976,10,524
27050,2,46
27069,0,56
27107,10,121
27109,0,5
27166,10,109
27171,6,127
27176,1,147
27233,0,115
27264,10,47
27302,35,1050
27332,6,182
27333,4,43
27378,4,919
27403,1,33
27429,0,5
27502,4,81
27530,86,5206
27550,0,265
27565,40,891
27608,6,75
27627,3,87
27651,2,68
27660,9,625
27713,0,45
27714,4,151
27731,34,1307
27776,22,727
27797,8,162
27798,0,5
27829,1,95
27870,4,33
27871,4,266
27938,0,5
28014,0,21
28022,8,107
28057,8,428
28112,4,76
28114,14,298
28143,2,246
28161,5,338
28226,4,125
28247,4,283
28280,18,646
28297,6,165
28302,2,46
28320,6,204
28339,2,114
28362,4,105
28413,0,114
28426,0,6
28505,2,44
28524,6,175
28532,2,201
28534,4,382
28594,2,257
28603,0,88
28648,0,5
28697,3,33
28704,0,5
28737,4,139
28783,0,5
28799,4,124
28835,2,137
28839,0,15
28860,4,126
28868,4,46
28992,6,546
29004,0,5
29044,4,102
29244,0,18
29281,2,96
29285,0,5
29304,4,79
29306,8,100
29332,138,4889
29358,0,6
29383,0,5
29427,1,71
29440,6,272
29451,6,276
29508,6,313
29524,0,5
29609,5,338
29644,2,18
29771,0,5
29781,4,272
29785,0,1
29804,0,5
29911,0,7
30009,4,48
30027,3,54
30031,2,410
30040,10,451
30112,0,10
30143,12,435
30161,0,7
30166,2,194
30175,0,5
30198,2,77
30257,10,319
30267,10,282
30343,4,104
30370,20,1024
30376,2,114
30403,1,240
30406,0,5
30440,4,47
30444,0,245
30521,7,121
30526,2,185
30559,2,76
30565,4,165
30710,0,240
30739,0,5
30746,10,741
30785,8,164
30816,0,6
30842,5,200
30886,20,346
30903,26,642
30905,18,286
30910,22,578
31039,0,231
31067,1,41
31149,0,11
31156,12,959
31190,0,3
31192,4,78
31234,0,5
31274,0,6
31290,6,220
31298,22,207
31310,0,5
31317,12,846
31319,1,130
31366,2,228
31399,4,391
31431,2,54
31445,4,318
31461,2,80
31463,4,158
31478,0,5
31483,0,28
31586,3,236
31665,6,92
31800,14,338
31895,0,5
31921,8,382
31930,0,6
31968,4,704
31977,10,828
31986,2,89
32090,2,95
32168,0,5
32181,4,139
32237,0,38
32263,8,566
32289,0,5
32356,5,87
32374,14,271
32504,4,157
32545,0,9
32628,6,496
32639,12,510
32684,0,5
32689,12,627
32736,2,20
32767,4,97
32788,0,50
32808,22,603
32834,18,1533
32840,0,8
32882,16,566
32983,22,605
32994,6,318
33014,0,17
33046,4,226
33051,4,190
33149,0,5
33193,4,187
33197,5,538
33203,2,52
33205,8,128
33318,3,78
33366,0,1
33392,4,630
33400,4,475
33472,0,40
33496,12,969
33549,0,183
33585,0,8
33608,13,405
33619,17,850
33677,12,259
33720,1,46
33756,4,134
33786,4,225
33791,12,675
33795,10,507
33824,14,714
33863,0,5
33867,24,946
33898,0,5
33914,2,386
33966,0,43
33981,0,2
33990,0,5
34005,0,5
34020,4,261
34070,0,2
34118,2,84
34165,0,21
34184,3,884
34211,0,5
34224,10,226
34254,10,163
34261,0,5
34264,0,5
34271,2,196
34318,0,33
34348,0,5
34418,0,296
34480,0,8
34515,12,261
34531,4,145
34570,4,57
34603,0,5
34604,2,376
34610,0,4
34741,4,70
34815,8,221
34820,4,43
34824,3,230
34834,11,1118
34878,4,54
34948,4,124
34950,6,140
35015,6,202
35060,4,149
35138,4,71
35144,0,65
35146,6,163
35158,0,31
35179,6,1554
35187,4,129
35198,0,8
35203,6,150
35237,0,5
35238,4,42
35273,40,1848
35304,6,189
35347,0,5
35349,0,109
35364,0,26
35375,0,2
35391,0,17
35408,0,120
35414,3,145
35430,4,408
35454,2,60
35500,3,119
35592,4,28
35596,14,409
35630,2,333
35693,4,141
35745,0,6
35762,2,166
35801,6,717
35804,0,5
35814,15,448
35824,6,57
35842,6,294
35843,0,14
35871,0,16
35881,4,412
35944,6,134
35945,3,175
35973,4,202
35976,4,47
35996,2,148
36017,4,41
36081,0,8
36114,4,557
36126,4,929
36144,4,371
36176,2,59
36205,8,209
36215,4,400
36277,0,16
36280,4,2190
36376,8,189
36382,0,5
36391,8,130
36427,3,232
36441,36,513
36471,10,360
36509,4,31
36518,2,36
36523,11,1096
36548,4,235
36612,78,3535
36629,2,174
36639,2,120
36643,22,445
36665,6,290
36672,0,5
36789,0,5
36797,0,5
36835,0,5
36854,6,1836
36917,0,5
36953,5,485
36961,14,526
36995,6,389
36996,0,5
37012,2,110
37047,20,546
37100,6,280
37125,0,4
37134,22,2056
37218,4,42
37259,2,121
37286,0,5
37365,0,5
37380,2,221
37403,2,242
37432,4,127
37458,6,291
37478,4,176
37481,14,310
37488,8,150
37551,14,208
37626,0,58
37630,30,1218
37642,5,427
37679,0,5
37696,0,5
37701,4,225
37732,0,10
37778,0,5
37793,8,169
37803,0,142
37804,0,9
37820,0,5
37856,6,266
37863,4,170
37927,0,5
37955,2,384
38020,10,425
38048,6,35
38080,0,5
38097,0,140
38100,14,1256
38136,4,302
38143,4,85
38168,0,5
38180,0,5
38265,36,1813
38288,4,131
38332,20,375
38335,0,2
38349,10,808
38365,22,792
38395,0,5
38413,0,5
38422,11,495
38432,0,5
38440,8,437
38467,0,9
38510,4,93
38517,0,5
38578,16,265
38678,6,287
38761,4,246
38810,21,582
38921,0,5
38961,3,292
38975,0,5
39002,14,691
39134,4,71
39168,4,226
39191,8,2246
39239,6,107
39271,2,52
39279,0,236
39328,0,45
39350,8,1066
39363,2,99
39397,0,9
39436,4,116
39444,4,80
39451,4,147
39479,6,93
39496,11,874
39536,1,59
39573,5,299
39584,4,375
39601,2,111
39651,12,255
39676,4,152
39687,20,1365
39691,0,1
39728,8,175
39771,0,10
39780,12,379
39787,8,862
39807,6,1307
39871,8,256
40122,14,408
40128,4,46
40196,0,15
40199,6,428
40224,0,5
40228,4,73
40274,45,1076
40291,0,2
40311,2,122
40335,0,5
40366,0,5
40413,3,72
40464,3,145
40468,0,5
40527,0,5
40560,0,2
40597,14,755
40608,0,5
40724,8,236
40751,8,139
40762,6,82
40782,8,104
40890,6,106
40952,0,5
40963,9,335
40971,6,413
41072,0,83
41124,3,178
41147,2,77
41302,0,5
41384,2,59
41418,10,41
41447,0,2
41458,0,7
41461,6,80
41513,4,35
41515,4,138
41612,22,535
41624,14,845
41659,3,88
41738,4,380
41744,12,204
41756,8,255
41760,0,18
41771,11,293
41794,20,144
41824,0,174
41863,3,76
41864,8,107
41887,1,151
41899,2,81
41905,0,6
41966,0,5
41968,0,5
42010,12,93
42064,8,220
42087,12,250
42111,1,208
42113,0,5
42151,0,5
42235,18,457
42254,46,923
42318,0,52
42375,28,1071
42385,32,1148
42387,28,930
42462,2,159
42464,0,1
42494,0,20
42516,11,4095
42554,0,5
42577,0,5
42582,0,5
42613,4,84
42622,6,42
42666,10,124
42680,0,5
42782,0,709
42796,0,5
42840,12,364
42860,2,52
42890,10,293
42987,9,350
42999,4,153
43002,0,60
43012,4,597
43017,3,223
43112,6,155
43121,0,13
43171,6,336
43191,8,143
43229,2,51
43257,8,265
43288,8,411
43299,6,505
43300,8,375
43336,0,17
43353,4,91
43356,0,5
43365,0,9
43381,0,12
43416,0,16
43690,0,269
43709,0,5
43725,4,92
43732,4,363
43742,2,72
43768,4,72
43785,4,44
43826,2,63
43832,0,5
43861,6,541
43986,18,1040
43991,0,5
43995,0,21
44023,42,1381
44036,2,193
44123,8,129
44124,4,110
44127,8,538
44131,0,24
44162,0,94
44169,28,1057
44189,0,7
44234,4,63
44259,0,5
44275,4,143
44300,4,157
44319,8,409
44401,0,5
44440,22,569
44441,18,992
44448,4,264
44498,0,142
44503,5,501
44543,6,136
44624,1,19
44704,0,5
44718,4,96
44782,1,183
44785,18,596
44806,0,268
44808,8,195
44882,2,200
44975,10,386
45010,0,23
45068,0,254
45128,6,327
45161,0,88
45197,2,136
45238,0,36
45263,0,404
45274,15,343
45288,2,422
45375,4,179
45391,6,606
45430,4,190
45444,14,400
45459,0,5
45492,0,288
45503,0,54
45542,0,12
45549,6,435
45551,5,301
45599,6,57
45605,6,73
45665,4,147
45744,8,460
45841,0,5
45903,11,964
45919,3,310
45928,4,329
46000,2,28
46007,2,32
46109,16,760
46127,4,69
46129,0,1
46140,6,380
46227,0,7
46236,2,173
46244,17,117
46273,21,1312
46345,4,37
46363,8,287
46399,4,638
46408,6,174
46412,0,2
46437,0,44
46446,0,5
46451,22,532
46497,24,1107
46572,0,813
46588,3,341
46596,0,6
46605,0,5
46606,6,190
46607,4,87
46653,2,102
46661,2,73
46678,0,509
46679,2,12
46707,11,688
46735,0,41
46778,2,84
46804,3,488
46837,0,5
46899,4,102
46914,4,17
47004,2,267
47104,3,16
47176,3,172
47177,8,234
47206,0,20
47214,2,60
47217,2,67
47278,6,538
47291,2,119
47320,0,5
47352,2,244
47369,0,5
47384,0,2
47435,4,13
47476,20,806
47486,16,717
47563,2,138
47566,7,400
47591,2,237
47607,0,15
47641,8,314
47662,0,5
47663,4,306
47673,0,12
47717,12,1034
47720,6,253
47725,2,300
47749,12,261
47763,6,54
47790,3,423
47851,46,940
47879,0,47
47901,0,1
47913,6,75
47939,0,5
47984,12,762
48005,0,43
48008,2,152
48032,2,135
48036,4,225
48089,2,55
48099,0,5
48164,0,3
48238,0,6
48271,14,833
48320,0,55
48328,2,118
48348,12,188
48355,12,465
48403,0,87
48407,6,193
48458,4,123
48479,8,152
48499,8,512
48508,8,553
48524,14,457
48544,8,230
48567,6,404
48572,10,687
48587,12,954
48588,18,967
48590,10,450
48617,6,180
48649,2,244
48656,2,54
48694,0,57
48695,0,57
48729,0,57
48756,0,57
48788,0,57
48817,0,57
48883,0,57
48917,0,57
48934,0,71
48972,4,687
48984,4,124
49016,14,367
49050,0,57
49056,2,43
49146,4,137
49170,12,270
49215,4,77
49251,2,248
49259,0,4
49390,6,138
49408,0,285
49433,8,334
49444,4,208
49475,0,30
49528,4,177
49534,12,420
49583,0,56
49689,2,21
49742,8,247
49773,0,65
49791,8,780
49820,2,64
49848,2,228
49885,4,290
49891,2,278
49904,2,41
49936,2,25
49937,0,56
49947,8,356
49963,4,346
49970,2,116
50027,2,131
50048,10,483
50054,2,247
50066,8,165
50114,0,57
50134,0,57
50198,14,982
50264,13,563
50295,0,5
50305,0,265
50372,6,87
50403,10,654
50414,3,52
50452,4,246
50462,14,1343
50497,0,29
50503,2,363
50525,2,21
50556,2,188
50558,0,10
50565,0,5
50583,10,372
50614,24,302
50639,4,57
50656,4,28
50664,30,485
50677,8,209
50827,0,88
50868,22,657
50883,4,173
50888,0,4
50987,0,11
51003,4,307
51013,0,5
51030,2,44
51031,0,1394
51037,0,5
51055,20,819
51072,2,38
51091,5,915
51132,2,111
51180,4,97
51187,2,63
51201,0,2
51230,6,73
51239,6,196
51330,12,279
51335,0,18
51431,0,15
51459,0,10
51484,0,33
51516,2,214
51566,0,5
51585,28,532
51614,14,268
51637,6,230
51651,0,180
51670,0,5
51721,2,54
51722,2,65
51956,0,5
51959,18,1029
51991,18,330
52010,10,383
52041,2,50
52107,0,80
52110,10,246
52168,6,531
52180,0,23
52201,0,201
52232,2,61
52241,4,79
52253,0,48
52339,0,5
52501,0,5
52507,0,12
52509,6,33
52527,24,424
52536,18,141
52537,0,38
52547,2,59
52588,4,67
52616,2,28
52648,0,98
52711,8,99
52743,4,109
52753,0,5
52815,4,147
52843,8,95
52919,0,5
52962,0,60
52993,16,192
53006,0,5
53049,48,939
53054,0,7
53175,6,1223
53204,0,5
53220,2,167
53288,2,29
53300,5,325
53324,5,189
53341,0,5
53444,18,661
53533,0,7
53606,0,2
53631,2,142
53640,1,82
53651,0,252
53664,2,100
53679,8,245
53705,4,137
53730,2,125
53820,12,272
53857,0,5
53889,4,55
53893,2,193
53989,2,87
53997,20,715
54066,8,225
54073,15,918
54085,6,564
54147,0,53
54361,0,5
54373,5,320
54409,2,42
54453,5,196
54461,24,568
54524,8,333
54531,8,197
54559,3,158
54612,0,1
54648,2,42
54677,14,328
54697,4,572
54701,10,130
54734,2,23
54781,12,196
54823,67,3017
54835,0,5
54845,2,159
54869,4,306
54918,0,5
54925,6,265
54928,4,79
54935,0,171
54947,4,130
54970,6,425
54990,4,148
54992,30,665
55054,7,205
55056,9,127
55068,1,150
55100,12,181
55123,0,42
55149,4,164
55183,0,36
55215,8,195
55251,2,138
55306,8,292
55326,6,210
55422,8,516
55494,13,477
55543,6,409
55571,0,7
55613,3,150
55618,0,5
55713,14,184
55790,0,4
55791,6,287
55864,2,66
55879,18,569
55971,3,597
55974,0,19
55992,6,237
56009,0,6
56039,0,203
56058,4,129
56093,2,114
56096,2,211
56111,8,84
56113,12,489
56122,6,71
56146,0,128
56162,18,973
56190,0,70
56214,4,35
56221,22,621
56237,10,375
56253,14,1759
56343,6,235
56357,6,208
56359,12,282
56404,17,368
56418,0,5
56422,0,10
56426,6,144
56462,4,156
56466,10,515
56549,0,5
56550,0,5
56566,2,52
56569,2,32
56584,0,5
56599,2,13
56600,2,239
56674,5,369
56746,0,126
56785,0,20
56804,0,16
56869,2,47
56876,6,448
56885,12,130
56896,14,504
57035,2,88
57050,6,100
57072,0,13
57107,0,163
57138,3,343
57139,12,752
57154,72,2612
57167,4,18
57183,16,413
57211,0,102
57245,16,576
57286,6,270
57310,0,5
57313,2,125
57340,0,150
57360,20,390
57388,0,47
57394,2,52
57427,5,714
57439,0,10
57445,10,992
57516,0,3
57539,0,3
57541,4,161
57569,8,41
57587,2,31
57671,0,10
57720,8,435
57724,6,164
57765,10,696
57793,4,110
57833,4,309
57920,10,805
57931,0,2
57954,10,300
58016,0,5
58025,2,1103
58028,0,5
58150,0,9
58164,2,38
58186,2,61
58196,8,477
58213,4,48
58214,6,396
58256,0,923
58261,14,1135
58285,16,1457
58339,0,12
58341,0,9
58373,14,354
58457,0,5
58462,0,5
58464,12,292
58490,2,55
58595,8,166
58612,0,55
58622,4,249
58626,2,12
58627,2,152
58650,8,174
58712,16,287
58752,4,46
58758,14,370
58761,4,44
58766,6,209
58774,6,152
58826,0,5
58856,2,186
58910,0,5
58952,4,63
58956,0,3
58957,6,187
58988,10,159
59055,18,1228
59066,6,127
59077,18,1027
59198,4,45
59220,8,72
59259,8,658
59262,0,100
59269,2,284
59273,8,414
59306,26,1241
59315,24,357
59317,16,305
59356,2,155
59375,40,3034
59387,6,484
59404,0,120
59424,0,5
59555,0,5
59608,19,205
59637,0,5
59647,0,5
59674,0,51
59676,0,4
59700,0,13
59716,0,16
59749,0,11
59760,0,11
59849,16,180
59863,0,5
59905,0,5
59919,3,51
59987,3,76
59992,0,5
60029,4,48
60041,0,12
60043,0,11
60052,6,63
60087,2,133
60089,0,129
60158,0,6
60176,4,54
60177,6,73
60331,12,759
60379,4,229
60457,10,350
60463,6,134
60476,0,48
60553,10,434
60598,2,46
60620,0,16
60654,14,394
60674,4,187
60708,4,309
60717,4,65
60720,4,354
60735,0,27
60761,0,203
60884,0,9
60919,6,134
61085,1,19
61310,3,89
61317,6,297
61337,6,122
61347,48,1583
61378,0,5
61396,8,260
61457,20,723
61516,4,137
61577,0,80
61580,18,586
61628,4,31
61629,10,181
61634,4,36
61654,6,168
61662,4,56
61670,4,505
61677,2,91
61753,4,32
61803,0,5
61825,0,13
61879,2,287
61888,0,5
61913,17,1568
61938,2,211
61968,9,294
62073,0,5
62079,0,5
62095,0,5
62349,12,1212
62373,0,659
62378,5,184
62445,8,196
62455,6,118
62481,18,123
62530,8,364
62544,0,10
62557,14,762
62653,0,5
62690,0,5
62691,0,5
62726,0,1
62733,0,5
62757,0,5
62799,0,5
62828,0,5
62841,0,5
62843,0,5
62884,0,8
62890,0,5
62906,0,5
62937,14,202
63002,4,84
63019,0,15
63028,0,5
63031,0,5
63049,0,9
63070,2,194
63087,4,71
63098,12,1149
63119,9,466
63132,8,182
63189,0,2
63195,60,2157
63213,30,870
63232,2,22
63244,0,9
63258,8,186
63368,34,881
63386,4,242
63406,10,188
63437,2,16
63509,4,111
63517,3,162
63518,3,167
63562,10,253
63604,3,108
63615,0,5
63632,0,5
63638,0,421
63697,12,378
63785,4,52
63841,0,14
63933,1,47
63973,12,370
64001,2,164
64091,2,153
64146,2,596
64147,1,71
64152,2,39
64171,1,89
64223,10,257
64240,14,578
64253,0,5
64254,0,422
64255,0,94
64261,4,394
64275,4,192
64291,0,31
64349,0,5
64378,4,165
64475,4,265
64492,8,202
64505,12,250
64507,5,464
64573,0,9
64598,0,5
64639,2,389
64663,4,32
64700,8,471
64722,0,21
64756,0,8
64823,5,156
64869,0,5
64907,0,5
65011,24,410
65014,14,398
65021,0,5
65032,0,5
65128,2,88
65133,8,419
65186,2,94
65188,0,5
65214,6,580
65258,0,6
65303,17,937
65306,0,3
65362,4,94
65397,3,75
65418,0,5
65458,0,5
65518,0,8
65529,14,1306
65600,2,199
65603,6,227
65651,4,67
65657,0,5
65673,0,8
65767,1,146
65781,0,5
65782,0,5
65799,14,226
65809,4,546
65826,26,784
65852,18,845
65862,0,5
65879,8,446
65962,0,5
65964,2,55
65995,5,50
66001,10,56
66006,4,65
66130,58,2166
66139,8,843
66146,30,698
66165,50,1344
66172,6,237
66186,12,193
66192,8,255
66229,56,1019
66283,6,263
66316,6,83
66430,6,56
66433,8,240
66445,3,207
66462,10,207
66476,2,184
66578,2,85
66634,6,148
66672,5,484
66717,8,92
66740,16,382
66741,8,48
66837,0,2
66859,6,215
66893,46,1084
66960,32,702
66963,8,110
67012,8,383
67013,6,87
67065,4,36
67251,2,139
67291,8,81
67297,6,233
67303,0,59
67321,0,9
67322,6,237
67341,4,20
67439,48,441
67491,20,249
67527,0,117
67539,0,11
67616,6,235
67637,0,264
67648,12,373
67696,0,216
67718,10,737
67721,8,645
67726,6,233
67797,4,844
67801,0,43
67840,6,264
67843,0,39
67854,18,282
67881,10,219
67926,6,233
67939,6,49
67944,6,233
67948,0,7
67971,6,46
68064,14,89
68066,4,292
68087,2,252
68120,6,140
68133,66,3412
68134,34,948
68220,4,178
68222,3,489
68223,4,164
68259,16,225
68270,6,252
68298,2,26
68308,6,108
68339,10,288
68387,6,233
68397,6,408
68447,0,12
68454,0,7
68470,14,314
68505,2,337
68526,6,229
68564,4,214
68595,6,17
68610,3,177
68635,0,10
68640,8,39
68776,0,2
68927,4,146
68958,8,154
69028,7,348
69030,4,66
69042,6,307
69046,0,181
69086,0,31
69104,8,100
69107,4,34
69117,4,160
69140,0,20
69152,6,237
69157,6,238
69173,8,291
69179,6,188
69189,5,496
69213,10,137
69259,14,267
69314,0,5
69326,24,709
69339,7,120
69351,2,165
69354,6,453
69578,14,542
69619,0,15
69661,0,91
69664,6,241
69709,4,144
69758,4,35
69798,52,3429
69850,2,18
69869,0,551
69871,0,170
69920,20,1890
69954,4,768
69985,2,88
69992,2,151
70012,0,8
70038,0,8
70088,4,148
70114,2,75
70115,6,185
70122,8,390
70145,40,2326
70149,0,5
70156,12,680
70175,0,16
70191,3,79
70271,0,429
70423,4,110
70462,4,250
70583,3,183
70626,10,102
70637,4,33
70689,6,82
70696,8,367
70773,12,622
70789,14,378
70804,0,5
70856,16,332
70858,12,956
70909,28,909
70941,0,5
70987,2,47
71044,0,15
71089,0,173
71097,2,28
71104,4,65
71105,9,264
71114,10,430
71117,24,507
71167,4,53
71172,8,441
71233,0,9
71247,2,479
71249,0,5
71289,36,727
71292,6,98
71293,6,538
71294,12,202
71320,6,353
71325,6,50
71355,4,1295
71366,0,3
71371,0,5
71396,0,19
71403,5,205
71471,3,131
71481,0,5
71488,2,253
71558,0,5
71559,0,11
71585,8,211
71647,6,304
71770,10,782
71775,18,497
71792,2,96
71837,12,227
71874,0,5
71952,6,76
71957,6,221
71973,2,39
71976,6,70
71977,4,33
71989,5,125
72030,6,166
72046,4,369
72093,4,72
72160,0,11
72223,8,79
72249,4,175
72295,2,76
72330,0,105
72338,0,9
72356,4,75
72472,18,269
72480,0,5
72503,0,5
72527,8,87
72551,0,69
72554,0,5
72609,0,8
72614,0,2
72662,0,611
72718,6,308
72737,2,31
72748,8,157
72780,6,68
72788,2,129
72792,0,66
72811,0,83
72835,6,812
72899,4,496
72908,4,240
72926,4,40
72964,0,2
72971,0,5
72992,44,1914
73003,6,67
73012,2,16
73015,8,231
73028,2,47
73084,2,99
73106,6,166
73114,4,58
73124,4,115
73126,4,90
73140,0,36
73154,0,19
73170,2,114
73182,2,168
73223,4,127
73234,2,225
73237,2,88
73251,8,281
73271,0,39
73272,4,177
73388,8,1599
73501,1,49
73504,0,22
73512,2,39
73513,4,105
73563,4,105
73576,4,92
73625,6,97
73662,14,984
73672,0,21
73675,29,1454
73681,4,203
73713,0,5
73721,8,172
73736,8,137
73771,0,7
73777,42,2038
73842,0,5
73854,0,5
74027,2,104
74030,4,223
74055,6,105
74065,1,200
74086,4,35
74126,19,543
74147,2,155
74148,6,68
74162,18,171
74196,10,218
74203,2,298
74204,8,218
74206,6,126
74239,10,208
74263,0,23
74277,18,654
74282,7,310
74341,4,150
74377,17,208
74394,6,761
74521,0,5
74560,4,311
74576,16,1046
74583,8,274
74630,2,1333
74688,2,190
74696,0,5
74801,14,1410
74897,0,23
74899,0,5
74912,0,5
74952,2,167
74954,0,28
74957,3,147
74999,4,102
75055,10,351
75129,0,12
75196,10,603
75218,4,297
75238,12,384
75239,10,508
75291,54,2833
75318,10,589
75343,10,362
75345,10,157
75390,10,344
75418,0,6
75461,6,304
75482,10,245
75505,10,243
75517,18,522
75521,43,652
75538,2,37
75547,0,99
75650,8,282
75658,10,355
75687,16,378
75691,26,673
75701,14,865
75702,38,1273
75734,10,363
75777,6,133
75932,8,180
75982,6,255
76010,4,357
76017,6,247
76043,10,339
76061,16,691
76085,4,75
76092,0,2
76123,22,686
76141,20,1071
76201,0,49
76250,6,327
76256,12,1028
76288,28,2418
76391,10,359
76440,10,329
76444,12,488
76445,14,518
76469,14,368
76480,0,5
76501,26,853
76591,18,369
76639,0,265
76643,6,143
76656,14,490
76709,6,220
76751,12,381
76765,14,528
76776,6,246
76787,12,348
76796,8,348
76821,6,262
76826,6,426
76845,8,201
76851,4,147
76944,8,225
77021,10,338
77022,18,1077
77023,10,205
77037,14,612
77102,8,403
77121,8,436
77205,12,550
77206,6,516
77260,8,158
77302,6,265
77325,8,440
77347,6,157
77355,8,588
77430,6,255
77433,8,173
77524,4,76
77532,2,156
77570,6,200
77616,6,141
77633,2,55
77636,10,86
77663,8,606
77700,11,531
77734,6,219
77757,18,684
77793,10,349
77803,10,346
77839,12,374
77916,4,192
77939,6,182
77941,2,120
77943,3,126
77950,0,273
77953,0,5
77985,4,380
78026,10,346
78029,6,191
78091,8,354
78108,6,227
78109,26,1708
78134,0,28
78215,10,645
78221,6,154
78262,12,299
78299,2,182
78301,10,355
78304,8,286
78370,10,1008
78444,10,230
78481,10,329
78685,12,907
78693,8,664
78695,36,1661
78733,6,101
78774,4,74
78792,8,252
78805,0,15
78870,0,42
78875,6,395
78934,2,45
78987,8,345
78993,26,438
79089,5,775
79198,14,608
79235,6,318
79289,10,345
79306,6,188
79314,22,774
79357,10,199
79360,10,535
79431,8,199
79454,0,6
79526,8,227
79606,10,349
79618,4,91
79628,54,1888
79651,14,611
79683,10,351
79722,10,367
79737,8,421
79866,6,397
79891,26,828
79924,10,354
79927,8,390
79952,12,660
79957,14,641
79958,10,252
79962,10,371
80083,8,383
80112,16,648
80145,10,180
80262,10,357
80275,22,581
80297,22,1217
80302,4,65
80372,8,183
80465,8,194
80478,12,253
80580,10,345
80651,8,213
80735,2,60
80866,8,1323
80898,10,94
80970,0,17
80978,6,597
80993,20,1884
81097,14,439
81112,0,32
81134,2,59
81135,4,90
81145,12,693
81179,6,171
81204,0,29
81205,8,713
81306,4,92
81527,4,312
81584,4,167
81643,4,202
81647,2,94
81772,6,160
81784,8,135
81785,2,328
81818,6,170
81835,10,324
81860,4,50
81903,8,1234
81961,4,184
81967,0,8
81973,10,251
82015,0,58
82035,30,536
82080,7,214
82093,2,202
82112,30,3020
82116,0,5
82185,8,278
82293,7,209
82303,4,105
82357,10,364
82363,4,135
82412,0,111
82424,10,228
82425,5,369
82462,4,207
82472,0,10
82480,2,126
82499,2,249
82516,0,5
82524,4,96
82542,4,223
82564,11,313
82582,4,228
82607,14,952
82621,0,12
82622,6,303
82824,16,663
82850,4,202
82858,8,97
82909,8,151
82936,0,7
82940,4,48
82988,6,216
83038,10,245
83052,8,753
83076,8,592
83092,16,675
83111,0,5
83112,12,401
83131,6,171
83137,6,157
83231,1,32
83288,2,38
83304,6,166
83349,6,337
83423,6,101
83426,3,66
83432,0,5
83460,2,136
83488,4,152
83499,8,269
83552,4,91
83648,0,5
83713,14,324
83722,0,58
83723,4,93
83849,7,335
83862,12,551
83863,12,383
83872,10,481
83885,16,344
84029,0,9
84064,16,284
84069,0,3
84154,6,256
84184,2,142
84219,8,233
84278,4,49
84382,8,136
84429,6,246
84452,2,78
84493,0,4
84503,0,4
84535,4,70
84566,4,92
84585,5,182
84627,0,13
84663,8,215
84688,4,206
84699,8,334
84700,4,54
84734,69,1105
84740,2,115
84792,1,102
84812,4,128
84909,0,5
84949,6,295
85007,4,64
85073,10,90
85129,6,382
85149,2,386
85190,2,162
85214,14,285
85216,10,147
85228,1,63
85317,4,256
85326,1,104
85356,25,1131
85367,2,290
85449,0,3
85486,2,391
85634,0,5
85656,50,1572
85675,0,3
85723,0,5
85726,0,5
85735,0,12
85739,0,9
85757,4,175
85804,1,61
85843,0,102
85928,8,402
85936,10,524
85948,4,272
85988,3,111
85989,14,313
85992,6,38
86050,0,12
86076,2,154
86158,0,29
86166,7,344
86211,5,231
86275,3,157
86277,8,66
86297,4,75
86305,0,11
86321,0,16
86350,14,745
86445,4,280
86465,2,94
86483,4,543
86496,0,5
86541,4,103
86569,4,146
86603,8,287
86605,4,405
86626,0,5
86628,0,9
86679,4,193
86719,14,333
86765,0,5
86801,0,6
86809,2,74
86823,50,840
86832,0,5
86833,32,324
86837,0,5
86971,4,26
86982,30,371
87049,8,316
87057,0,5
87107,0,5
87177,0,437
87183,10,209
87218,2,81
87228,0,270
87279,4,275
87298,0,5
87316,10,77
87318,10,125
87367,20,588
87384,0,14
87400,14,54
87415,6,123
87450,2,37
87468,0,8
87505,16,222
87510,8,419
87515,3,107
87541,10,183
87551,4,98
87567,4,207
87589,0,10
87590,0,62
87603,6,89
87629,0,3
87703,0,5
87725,0,5
87747,0,5
87773,0,2
87774,0,5
87846,0,5
87872,0,5
87929,0,5
87933,0,5
87955,2,362
87992,8,176
88006,18,311
88032,0,681
88042,36,3313
88088,0,42
88092,34,882
88108,0,5
88116,0,5
88122,3,197
88126,3,198
88151,4,89
88202,4,66
88218,0,20
88268,0,26
88341,2,427
88361,4,26
88403,0,42
88404,12,406
88415,12,133
88418,4,74
88448,14,161
88459,6,288
88504,4,44
88515,4,70
88650,2,79
88653,0,5
88673,16,467
88710,4,49
88764,0,209
88781,6,118
88792,4,528
88813,2,80
88821,8,98
88897,13,195
88945,0,5
89095,0,5
89106,0,5
89140,0,198
89160,12,225
89228,8,558
89255,2,138
89261,0,7
89332,0,5
89400,8,253
89486,16,358
89508,0,105
89532,0,5
89616,40,887
89665,10,326
89687,10,250
89690,0,3
89755,0,5
90002,0,5
90064,0,1
90099,0,12
90142,3,64
90147,4,68
90218,0,2
90227,2,83
90309,4,77
90357,4,39
90420,4,66
90441,3,39
90477,4,30
90486,14,534
90496,0,6
90525,6,66
90527,10,83
90583,2,66
90631,0,148
90647,10,683
90653,4,501
90658,10,216
90676,2,182
90719,15,537
90748,6,209
90750,0,10
90794,30,1265
90815,10,604
90850,6,241
90900,0,5
90907,0,129
90910,2,92
90921,4,50
90958,22,1037
91047,6,168
91050,4,609
91134,0,103
91136,8,38
91142,24,380
91144,0,5
91162,30,1719
91163,4,98
91173,5,508
91176,5,242
91178,0,224
91183,6,137
91255,16,224
91257,0,5
91277,0,5
91327,0,5
91356,8,93
91411,6,171
91425,2,22
91433,6,263
91512,0,3
91520,0,44
91627,3,174
91643,4,371
91647,0,44
91749,0,21
91825,4,66
91841,2,33
91890,2,143
91891,4,156
91982,6,296
92012,6,126
92013,4,44
92031,8,249
92063,4,72
92070,6,74
92158,6,157
92196,0,5
92201,4,47
92226,8,114
92244,2,108
92346,0,5
92367,6,26
92387,4,224
92413,0,137
92416,6,84
92445,1,132
92475,0,52
92508,2,168
92553,4,102
92567,4,154
92624,6,187
92651,6,67
92657,4,134
92710,1,67
92711,1,151
92745,3,137
92771,2,69
92822,2,39
92826,12,556
92834,0,5
92837,2,60
92868,4,173
92921,6,141
92976,0,5
93001,0,5
93035,4,20
93117,0,12
93180,8,227
93240,8,313
93376,0,6
93448,30,583
93487,6,106
93575,0,216
93594,2,59
93741,0,5
93754,0,24
93851,18,258
93854,6,257
93861,2,31
93884,6,103
93938,12,450
93944,2,331
93983,4,69
94013,0,5
94021,2,48
94051,6,544
94077,1,109
94093,0,13
94095,0,2
94139,4,140
94141,6,182
94197,8,426
94243,0,8
94244,0,5
94245,26,1197
94267,4,38
94281,2,242
94324,8,353
94490,0,3
94521,2,776
94551,0,6
94615,6,104
94623,6,107
94632,4,122
94661,6,166
94665,0,5
94666,6,206
94672,4,141
94698,18,346
94718,8,234
94743,4,281
94760,0,3
94778,10,246
94780,2,191
94825,8,77
94841,4,177
94874,4,55
94879,2,267
94882,8,54
94939,2,74
94961,22,1191
94962,2,121
94967,0,5
95066,12,475
95105,4,206
95157,6,464
95159,4,145
95192,4,132
95220,2,95
95260,18,550
95261,20,539
95297,2,182
95312,6,113
95344,22,579
95355,0,5
95389,28,1553
95425,3,80
95579,4,63
95595,0,14
95601,11,111
95605,0,7
95607,0,5
95645,0,265
95662,4,289
95685,0,3
95741,6,83
95750,2,114
95760,6,130
95783,2,214
95825,2,124
95829,2,71
95954,0,49
95982,0,5
95986,0,4
95994,10,145
96030,61,1933
96071,16,1018
96093,6,72
96123,0,15
96134,10,104
96135,6,65
96369,0,5
96381,0,5
96383,4,1264
96423,16,623
96434,0,5
96468,4,149
96469,28,1087
96569,0,5
96575,7,228
96586,2,33
96669,2,202
96684,12,227
96751,0,410
96823,15,1960
96826,0,5
96873,0,233
96912,4,243
96918,0,5
96945,4,113
97013,4,480
97018,2,60
97028,0,7
97031,5,333
97042,4,125
97060,4,132
97061,4,357
97079,0,5
97157,0,21
97206,2,402
97232,3,142
97318,2,167
97322,12,338
97347,0,5
97412,38,593
97450,0,5
97451,3,587
97463,4,305
97499,4,37
97530,12,188
97538,6,42
97580,2,95
97649,4,51
97724,2,120
97732,8,200
97834,4,90
97836,2,27
97841,1,32
97887,6,106
97964,4,37
98016,4,39
98054,4,45
98079,0,8
98130,8,226
98146,4,177
98149,1,570
98182,0,18
98240,3,124
98243,6,52
98265,18,226
98298,0,58
98339,0,3
98367,1,178
98407,0,7
98422,8,204
98446,0,11
98456,8,137
98469,13,1380
98508,6,118
98521,10,227
98534,2,85
98590,4,99
98594,0,11
98644,12,171
98652,12,216
98704,0,2
98707,0,18
98725,6,189
98740,30,571
98794,0,5
98834,10,151
98893,8,176
98898,32,462
98967,8,358
98993,0,13
99025,16,633
99064,4,218
99082,10,491
99119,8,1518
99148,0,5
99150,4,113
99201,20,233
99203,4,363
99204,4,108
99213,2,40
99258,2,127
99284,6,33
99292,12,386
99334,20,1614
99342,6,40
99352,6,166
99402,4,53
99408,6,135
99462,0,5
99520,0,5
99536,4,13
99555,0,5
99574,2,69
99622,28,1003
99678,0,5
99688,4,519
99725,0,5
99790,17,564
99816,4,100
99840,0,5
99855,2,810
99917,2,194
99951,0,9
100016,12,210
100136,14,259
100142,0,5
100143,5,390
100161,76,1660
100168,6,117
100174,0,5
100177,0,5
100236,18,1360
100291,0,23
100332,26,704
100347,2,161
100397,2,334
100451,0,5
100482,0,2
100495,0,6
100515,0,6
100558,14,415
100561,0,12
100689,6,262
100796,0,5
100819,0,2
100870,8,70
100899,6,619
100903,6,371
101014,8,140
101024,12,118
101040,2,131
101041,4,77
101098,4,423
101204,16,724
101231,10,591
101233,18,1469
101289,7,454
101316,6,269
101401,12,454
101406,0,486
101437,3,418
101441,14,489
101442,4,247
101480,8,303
101495,7,832
101530,20,635
101537,16,746
101540,8,257
101557,0,108
101560,0,5
101578,4,289
101582,6,178
101619,1,151
101622,12,441
101655,16,368
101672,20,440
101815,6,906
101827,20,2876
101889,0,5
101894,0,6
101897,8,228
101931,8,69
101978,0,5
102056,17,783
102057,2,221
102072,2,16
102090,2,28
102116,3,475
102146,1,150
102161,2,37
102211,0,17
102214,20,897
102229,0,156
102345,44,2313
102356,3,208
102364,8,322
102419,4,205
102427,8,1038
102435,2,123
102439,0,1
102461,5,309
102473,0,5
102482,6,344
102540,26,840
102548,2,61
102578,4,23
102628,2,140
102654,6,99
102749,0,43
102752,8,264
102797,4,310
102798,0,35
102801,34,1568
102822,14,2213
102881,0,5
102940,10,177
102945,6,72
103040,3,191
103050,2,182
103148,4,217
103158,0,13
103168,0,16
103206,6,115
103277,2,207
103301,0,5
103303,0,97
103363,14,95
103427,0,12
103453,10,149
103477,4,370
103485,0,4
103490,6,1044
103493,22,840
103532,2,17
103541,11,297
103549,16,238
103629,12,328
103685,10,259
103694,20,232
103724,22,397
103727,10,181
103735,58,1272
103739,83,1185
103747,8,136
103755,2,139
103781,0,319
103796,8,488
103890,8,503
103895,6,136
103943,0,193
104025,0,5
104077,0,5
104079,8,400
104123,8,1442
104220,7,305
104279,0,3
104309,8,121
104326,2,85
104336,8,84
104365,0,21
104422,12,143
104516,6,88
104525,8,241
104581,3,53
104585,4,176
104688,0,13
104707,0,196
104709,0,196
104714,0,196
104749,0,196
104781,0,196
104784,0,196
104862,24,594
104872,2,71
104910,34,982
104927,4,171
105017,0,5
105061,6,242
105094,24,1772
105159,2,9
105163,8,178
105170,26,1224
105214,4,156
105256,46,1809
105380,0,4
105404,5,2405
105438,0,5
105481,8,378
105606,0,5
105636,11,1295
105662,12,330
105709,36,1178
105731,0,21
105740,2,136
105769,14,690
105776,4,208
105778,4,344
105820,22,286
105835,0,15
105841,1,3
105861,8,218
105885,0,3
105886,2,55
105987,10,698
106010,8,171
106064,0,2
106095,2,211
106115,6,89
106135,8,173
106138,12,346
106149,10,205
106185,8,240
106239,14,352
106264,0,25
106284,0,66
106363,0,17
106407,0,14
106518,8,281
106539,10,188
106541,6,92
106635,12,1677
106758,0,421
106759,0,5
106761,0,2
106772,0,63
106784,2,83
106796,0,70
106836,0,182
106838,0,182
106885,0,183
106991,4,37
106998,0,9
107032,0,14
107052,0,6
107078,0,5
107134,4,26
107144,0,254
107161,10,220
107166,8,185
107175,4,153
107198,0,112
107243,0,209
107244,0,30
107273,2,116
107310,4,700
107316,0,22
107338,0,35
107353,20,546
107357,0,2
107405,2,5
107418,2,10
107499,15,356
107528,0,5
107549,0,79
107557,8,173
107559,36,573
107598,16,488
107601,10,153
107739,16,677
107748,0,35
107782,4,38
107789,58,1739
107793,20,2010
107854,6,162
107905,0,31
107914,24,1440
107935,6,162
107953,6,708
107962,0,400
108013,4,55
108033,4,582
108110,0,4
108123,10,292
108127,6,473
108136,8,206
108165,4,48
108169,10,153
108213,3,519
108260,4,248
108294,4,101
108392,4,44
108482,0,5
108515,0,5
108523,2,67
108551,4,90
108570,16,559
108581,8,567
108586,4,58
108703,4,130
108742,5,239
108744,7,570
108764,2,9
108767,6,83
108839,18,201
108891,4,42
108923,1,150
108947,12,534
108977,4,221
108997,0,10
109065,8,96
109087,0,5
109104,0,3
109108,32,2297
109113,2,63
109125,0,2
109132,12,496
109155,0,5
109193,2,332
109213,0,7
109251,0,27
109262,0,5
109277,0,4
109319,12,72
109368,8,239
109392,0,76
109413,0,503
109453,0,2
109529,2,506
109557,5,114
109699,4,253
109704,0,6
109711,0,10
109763,2,24
109766,2,24
109835,2,51
109860,0,10
109909,0,1
109920,4,134
109984,8,449
110025,0,42
110028,4,52
110030,4,44
110050,2,404
110060,1,134
110112,10,526
110125,4,76
110137,10,164
110232,0,7
110246,0,10
110249,5,300
110251,6,432
110270,0,182
110308,6,480
110329,0,5
110338,0,5
110376,2,77
110392,0,5
110411,8,829
110423,0,44
110442,0,91
110469,6,170
110498,0,34
110665,2,32
110688,0,3
110726,6,122
110775,0,7
110783,0,7
110917,4,43
110935,6,352
110954,2,50
110955,5,2043
110987,12,584
111033,8,371
111072,0,5
111105,0,5
111168,4,33
111256,10,199
111373,2,61
111387,2,65
111399,24,1117
111448,0,5
111500,0,5
111570,6,96
111621,14,180
111668,22,448
111687,4,37
111718,8,500
111783,12,801
111820,6,318
111836,2,90
111845,6,113
111854,7,429
111929,0,5
111931,12,543
111932,10,635
111951,6,200
111966,12,894
111967,4,196
111996,4,281
112046,8,333
112062,8,162
112063,6,113
112092,4,1080
112133,64,2306
112141,0,5
112169,2,215
112205,4,464
112248,4,185
112260,0,0
112271,0,6
112286,0,5
112289,0,62
112298,13,219
112332,4,59
112355,8,155
112434,2,435
112469,0,5
112470,4,138
112518,14,331
112532,1,384
112552,12,406
112626,0,86
112642,23,853
112721,0,2
112751,8,250
112752,4,184
112777,0,13
112812,2,355
112818,0,255
112827,8,110
112909,18,604
112919,0,5
112943,6,608
112944,0,2
112952,2,258
112963,0,5
112970,2,448
112981,0,5
112992,4,135
113052,6,1084
113058,2,80
113069,1,43
113078,1,42
113087,4,214
113104,4,79
113154,0,5
113157,8,358
113163,5,512
113257,6,212
113357,2,191
113380,18,2362
113400,0,2
113458,4,409
113515,0,11
113523,8,586
113524,4,102
113536,6,526
113578,0,5
113594,10,335
113615,3,48
113617,4,39
113624,2,55
113679,0,8
113680,7,268
113685,6,52
113721,0,5
113768,15,519
113769,2,16
113790,2,182
113849,0,5
113858,2,154
113862,0,5
113903,18,1110
113914,2,93
113941,0,5
113971,0,5
114010,0,28
114026,0,5
114043,0,10
114081,34,1358
114089,0,5
114090,4,130
114105,5,432
114159,16,1146
114170,3,172
114263,2,273
114307,10,385
114365,4,81
114367,48,1430
114437,1,39
114458,4,66
114506,2,810
114560,8,146
114608,8,190
114643,8,159
114692,4,54
114710,0,31
114727,0,31
114733,4,54
114781,4,56
114963,2,17
115060,4,48
115091,1,95
115132,0,6
115142,5,344
115231,16,633
115287,4,68
115295,0,18
115310,14,184
115329,8,152
115365,16,362
115383,26,964
115389,12,518
115396,4,164
115411,5,140
115455,8,462
115587,0,5
115776,9,299
115824,12,279
115870,6,185
115887,0,5
115937,8,631
115944,158,3227
116144,18,172
116159,0,396
116173,5,66
116215,2,64
116227,4,358
116231,6,45
116234,6,40
116241,1,168
116268,2,198
116318,12,499
116325,0,227
116341,8,425
116416,0,8
116433,10,64
116435,0,9
116571,1,195
116580,0,5
116588,2,81
116603,0,2
116647,0,5
116678,0,5
116823,0,45
116849,2,155
116863,2,163
116906,2,159
116919,2,161
116957,2,153
116995,22,475
117005,2,436
117013,0,173
117015,20,1203
117052,8,84
117067,16,395
117069,4,349
117123,12,250
117146,10,515
117148,0,8
117149,0,1
117191,16,342
117211,4,183
117237,6,94
117269,0,497
117333,16,166
117348,0,49
117360,2,198
117366,0,175
117379,4,236
117403,0,5
117434,0,5
117459,0,18
117467,1,36
117487,6,226
117510,20,1302
117544,2,20
117577,2,54
117628,2,228
117632,8,246
117661,0,6
117671,0,5
117726,3,31
117764,30,1665
117826,12,503
117850,13,815
117852,10,217
117868,8,729
117888,10,221
117944,4,89
118033,16,1359
118059,11,757
118142,12,238
118196,0,22
118200,0,65
118247,0,14
118391,6,154
118395,8,183
118415,6,99
118453,10,280
118480,0,5
118512,64,1870
118536,0,121
118546,4,666
118555,0,5
118584,0,6
118640,2,78
118658,14,552
118667,0,70
118687,2,134
118691,0,5
118713,0,5
118722,0,157
118743,4,279
118771,2,180
118775,2,300
118924,0,75
118979,4,154
118987,14,273
119032,0,330
119078,0,5
119099,0,5
119116,0,52
119163,0,63
119192,0,63
119217,0,12
119232,0,63
119277,0,63
119319,0,63
119354,0,41
119370,0,63
119379,0,63
119385,0,63
119388,0,12
119395,0,63
119399,0,63
119410,0,63
119459,0,26
119461,0,26
119471,0,186
119480,0,5
119494,0,63
119527,5,288
119548,0,5
119582,6,283
119616,2,37
119620,0,63
119622,0,12
119627,12,285
119630,7,351
119643,6,282
119648,9,1216
119673,0,5
119682,6,101
119749,23,666
119781,2,967
119852,0,1
119881,1,50
119953,3,1363
119985,6,95
120017,2,54
120040,4,48
120100,8,552
120121,16,244
120125,2,137
120266,0,30
120293,0,136
120298,0,17
120307,0,7
120313,0,16
120316,0,93
120326,24,953
120365,20,925
120384,2,105
120387,0,5
120458,2,299
120463,20,323
120482,6,471
120502,21,439
120510,4,360
120511,8,471
120558,4,50
120564,0,0
120567,13,323
120582,0,73
120663,2,117
120710,5,173
120745,4,239
120772,20,672
120788,6,430
120826,5,291
120862,0,3
120868,8,195
120873,5,428
120908,0,5
120909,0,5
120943,0,181
120963,0,5
120979,12,1222
121000,0,6
121033,2,50
121049,6,220
121072,0,5
121085,0,36
121117,4,89
121124,2,60
121175,4,263
121180,6,63
121242,0,5
121250,4,259
121290,5,184
121309,7,474
121344,0,5
121386,22,1123
121423,4,197
121432,2,451
121439,2,576
121484,0,30
121502,0,40
121517,4,21
121522,5,53
121530,5,158
121533,4,172
121551,0,5
121589,7,253
121595,0,5
121669,4,277
121676,4,88
121689,6,125
121709,6,112
121731,4,296
121804,0,5
121884,2,24
121923,2,450
121944,16,859
122060,0,186
122098,0,6
122103,4,169
122142,4,81
122145,4,89
122173,0,6
122197,0,10
122206,0,43
122265,4,36
122284,0,2
122293,15,389
122332,12,56
122334,0,1
122346,16,2621
122355,28,938
122366,14,379
122407,0,19
122435,4,167
122517,6,131
122528,2,278
122578,0,34
122631,4,1178
122679,4,201
122709,0,5
122715,6,163
122869,4,205
122935,3,71
122939,6,236
122974,0,9
123020,11,1001
123102,2,197
123132,4,160
123178,16,231
123188,15,978
123204,24,551
123261,12,1401
123280,6,116
123357,0,37
123358,0,23
123367,28,1374
123402,6,199
123403,0,5
123415,10,505
123417,8,149
123426,0,5
123507,10,155
123513,4,35
123539,0,309
123600,20,1127
123612,16,519
123676,0,9
123682,8,110
123691,10,280
123746,2,321
123759,2,164
123897,4,475
123920,0,4
124011,2,194
124039,0,37
124075,2,101
124086,4,37
124111,3,65
124119,0,5
124122,0,5
124135,0,81
124141,0,189
124189,3,344
124252,10,299
124270,12,267
124272,2,273
124295,4,281
124312,6,153
124321,8,327
124336,0,193
124399,6,78
124443,8,633
124460,0,10
124465,10,223
124505,30,738
124507,2,269
124526,22,987
124580,2,54
124666,17,1523
124707,10,338
124760,0,5
124775,2,24
124795,0,1
124824,4,224
124849,0,5
124872,12,919
124876,4,287
124885,6,167
124897,4,186
124920,16,591
124937,0,122
124947,33,1089
124986,2,241
125080,4,673
125084,0,5
125094,28,992
125096,7,925
125102,10,319
125127,0,5
125166,6,118
125262,0,5
125287,2,25
125317,0,5
125335,2,24
125358,0,5
125359,7,630
125395,0,41
125431,0,12
125451,6,416
125464,30,554
125475,0,5
125504,2,169
125562,4,62
125685,8,321
125686,16,874
125703,0,7
125820,6,1062
125858,11,122
125894,4,219
125945,0,46
125994,12,1190
126049,0,226
126062,0,5
126082,2,121
126084,18,1488
126115,0,5
126120,0,5
126142,0,20
126146,8,99
126173,2,117
126196,56,2031
126201,2,90
126204,0,5
126215,4,129
126278,2,33
126289,0,11
126309,14,625
126430,4,79
126441,24,741
126487,3,76
126503,2,220
126523,5,326
126529,20,435
126568,4,157
126598,6,264
126637,2,312
126646,7,454
126658,18,577
126668,6,387
126730,2,226
126816,4,892
126844,0,442
126882,13,552
126892,0,12
126894,30,1234
126922,0,5
126945,14,434
126970,86,1411
127047,8,170
127055,0,8
127080,0,5
127255,0,10
127299,0,9
127300,52,1970
127306,4,155
127376,0,26
127398,0,12
127418,2,84
127487,18,567
127534,2,119
127578,53,1428
127590,2,63
127591,3,287
127600,2,74
127613,4,83
127635,4,18
127653,0,8
127684,2,30
127782,6,233
127806,2,101
127849,18,461
127924,0,5
127969,1,43
128029,6,152
128031,4,296
128041,4,309
128049,0,5
128074,8,160
128112,12,673
128130,13,1062
128324,4,224
128356,0,5
128372,4,251
128382,0,11
128384,0,4
128405,10,155
128479,14,586
128486,4,308
128503,0,5
128504,1,51
128548,10,349
128582,7,123
128620,30,534
128695,10,197
128718,0,5
128732,8,221
128740,4,109
128787,376,5820
128796,1,71
128837,8,324
128845,0,5
128869,3,102
128897,2,84
128949,2,45
128953,36,1782
128954,0,39
129034,2,62
129036,2,185
129044,6,60
129070,0,747
129085,0,18
129186,5,313
129203,6,290
129209,0,14
129225,0,5
129257,0,5
129327,8,341
129359,22,407
129390,0,5
129409,0,5
129447,4,472
129451,2,53
129467,0,31
129483,0,1
129500,0,5
129549,0,3
129598,0,5
129643,0,5
129654,92,5043
129663,0,5
129718,4,321
129741,4,177
129746,0,5
129761,24,1743
129783,5,213
129833,22,1107
129877,0,1
129988,18,976
130011,0,5
130063,0,33
130107,4,38
130109,22,384
130125,8,301
130129,6,328
130167,2,60
130219,8,192
130224,0,26
130228,2,843
130254,4,156
130258,4,74
130297,0,3
130340,4,995
130394,0,7
130466,5,382
130472,6,130
130514,4,259
130523,6,776
130573,12,384
130632,56,1074
130650,3,212
130735,4,510
130749,0,5
130759,6,125
130769,2,539
130797,2,76
130798,4,288
130826,6,142
130861,4,17
130877,2,109
130889,3,135
130902,4,122
130928,4,103
130945,3,107
130955,100,1726
130990,21,1311
131007,0,5
131011,0,11
131025,0,5
131113,30,5410
131138,6,46
131243,22,627
131364,10,324
131417,0,13
131550,12,309
131556,7,141
131565,0,6
131572,2,17
131628,4,326
131636,8,99
131692,2,106
131751,0,5
131801,4,37
131840,7,312
131864,6,99
131931,0,3
131934,0,14
132014,6,334
132065,20,1547
132162,16,362
132207,0,5
132294,4,109
132371,12,543
132390,18,432
132394,0,5
132414,0,24
132429,44,1174
132527,0,5
132551,0,5
132569,0,28
132639,8,148
132646,0,171
132657,0,6
132675,13,277
132715,4,116
132759,6,58
132765,12,318
132833,8,240
132890,0,5
132909,4,85
133033,0,1
133070,0,5
133114,0,5
133117,0,5
133137,0,76
133174,0,5
133195,0,9
133233,4,275
133258,57,2906
133273,4,47
133378,5,396
133394,0,5
133451,0,5
133455,0,6
133499,0,10
133524,1,15
133534,22,1187
133550,0,106
133589,3,104
133612,3,384
133625,12,124
133647,0,100
133660,12,65
133669,10,558
133670,6,112
133676,0,5
133765,5,976
133769,18,353
133772,8,160
133799,16,466
133839,8,353
133868,1,191
133920,22,1189
133951,2,95
133977,24,1758
134064,22,455
134072,1,127
134090,10,317
134132,22,1708
134142,4,63
134157,3,73
134167,10,169
134188,32,811
134243,8,286
134249,2,175
134254,66,1590
134280,0,5
134351,6,88
134360,12,373
134373,0,29
134440,0,4
134483,0,5
134522,0,10
134545,10,936
134648,3,68
134725,12,440
134734,12,212
134739,8,333
134754,3,347
134761,2,360
134799,0,5
134823,0,19
134829,0,7
134837,12,1031
134899,8,61
134930,24,359
134938,2,107
134965,0,38
135031,22,322
135053,2,83
135067,2,73
135094,0,17
135103,2,25
135130,8,321
135141,0,12
135168,1,261
135236,6,261
135257,4,114
135288,0,5
135302,0,6
135342,0,24
135481,5,80
135562,2,281
135565,2,380
135613,2,47
135614,4,268
135656,22,474
135665,22,892
135676,4,60
135697,18,612
135706,47,1508
135795,12,1105
135813,0,5
135837,8,213
135906,0,21
135939,0,208
135958,4,135
135961,2,81
135965,7,373
135978,4,230
136130,0,19
136153,2,73
136212,3,94
136251,6,247
136261,4,227
136282,19,272
136303,2,105
136304,6,244
136325,6,528
136374,0,32
136380,0,188
136433,1,73
136485,0,61
136500,1,381
136531,0,5
136537,0,5
136554,0,15
136556,0,28
136559,2,148
136567,1,66
136583,1,3078
136608,3,242
136634,2,312
136661,4,73
136665,16,392
136709,4,219
136715,4,118
136724,2,55
136732,0,48
136751,2,69
136819,2,39
136836,2,137
136842,8,200
136870,8,163
136873,10,1429
136878,3,93
136906,4,237
136986,14,845
137066,0,5
137077,6,378
137108,0,5
137111,8,65
137116,4,35
137184,6,64
137237,6,197
137246,4,94
137319,0,226
137420,0,16
137421,1,200
137436,12,104
137476,2,715
137584,34,916
137596,0,5
137614,4,78
137698,8,198
137718,6,221
137926,0,5
137937,18,933
137942,12,623
137998,1,549
138009,5,174
138018,5,557
138079,2,75
138093,4,131
138139,0,56
138163,0,42
138191,1,31
138264,6,28
138276,0,20
138283,1,76
138291,1,30
138299,6,165
138364,3,34
138375,1,69
138384,0,103
138397,1,55
138413,2,52
138454,0,16
138484,0,3
138586,2,147
138638,0,5
138734,8,4837
138740,0,1
138785,0,3
138799,2,127
138824,2,108
138879,0,145
138897,9,182
138992,0,5
138998,20,558
139001,9,465
139041,0,10
139086,2,93
139090,6,103
139127,3,98
139153,0,5
139156,0,5
139216,0,7
139251,0,109
139258,0,6
139271,0,5
139281,2,155
139299,1,82
139305,21,930
139318,4,261
139336,31,1124
139341,6,132
139362,0,9
139419,22,1672
139491,0,0
139508,0,9
139509,2,31
139583,2,114
139603,0,188
139626,36,298
139637,3,120
139714,0,17
139775,0,5
139841,0,10
139847,4,164
139858,0,39
139873,6,56
139954,2,21
139962,0,5
139980,0,5
139982,0,145
140018,0,1
140052,0,2
140063,0,203
140117,6,326
140161,10,126
140207,18,416
140284,0,5
140285,8,406
140302,0,10
140365,0,78
140377,4,22
140404,0,5
140406,6,53
140425,0,5
140481,2,33
140505,4,86
140524,0,50
140527,0,6
140531,4,227
140547,0,13
140552,4,133
140606,20,275
140658,12,160
140749,10,257
140764,6,76
140816,0,4
140891,0,12
140945,10,1657
141002,0,26
141021,5,923
141074,6,41
141107,0,5
141133,2,27
141168,6,65
141174,0,232
141208,4,75
141248,0,5
141253,6,687
141306,2,52
141312,8,67
141321,0,5
141325,0,5
141394,0,500
141408,16,666
141438,0,47
141485,4,67
141489,4,200
141514,0,512
141526,0,5
141548,0,5
141572,0,5
141574,6,58
141680,0,91
141682,0,5
141697,4,74
141721,4,438
141738,4,379
141745,0,56
141783,0,5
141806,2,389
141829,0,5
141830,0,176
141858,0,101
141865,4,64
141877,8,80
141898,24,556
141928,92,1188
141953,16,309
141970,6,148
141996,9,1010
142009,8,310
142031,2,73
142064,7,468
142127,0,10
142166,6,446
142220,2,176
142241,1,228
142268,12,373
142283,2,32
142300,0,5
142346,5,1313
142349,5,1087
142419,8,587
142435,0,9
142459,4,531
142471,4,86
142479,0,5
142565,6,171
142646,0,18
142671,12,627
142683,4,51
142690,4,54
142713,4,60
142722,4,75
142790,6,151
142806,8,171
142814,1,52
142816,3,377
142820,0,16
142844,0,15
142850,4,183
142866,4,113
142891,4,230
142922,0,14
142965,3,169
142968,4,252
142988,4,218
143006,0,5
143014,0,5
143015,2,172
143038,12,238
143048,0,5
143117,0,130
143123,0,5
143144,2,193
143197,3,47
143218,0,1
143237,1,31
143249,4,272
143277,0,5
143344,0,5
143384,0,231
143406,0,13
143431,3,1727
143439,6,235
143474,0,103
143492,6,65
143550,4,209
143597,0,3
143604,0,5
143611,0,5
143630,7,464
143644,0,6
143681,0,5
143735,24,1203
143778,0,5
143847,6,857
143858,3,55
143918,0,6
143920,6,398
143932,6,233
143937,0,5
143949,0,17
143982,0,11
144005,0,43
144018,4,73
144029,12,889
144057,2,106
144064,0,13
144100,0,5
144128,8,567
144165,0,5
144190,0,56
144229,6,449
144232,4,82
144252,4,255
144286,0,22
144319,6,322
144346,0,203
144382,0,95
144383,1,30
144390,0,9
144421,6,148
144489,32,1086
144507,14,1003
144515,28,1256
144520,22,1398
144586,56,1124
144645,12,364
144647,2,203
144738,8,232
144798,22,1018
144807,2,166
144809,10,365
144854,7,267
144855,2,168
144877,0,5
144878,2,91
144929,4,100
144956,0,5
144973,4,245
144978,1,599
144992,6,323
145023,1,72
145052,0,5
145069,0,6
145147,20,498
145149,6,139
145165,0,3
145179,12,356
145224,2,49
145265,1,61
145267,0,6
145302,0,14
145316,18,495
145420,0,5
145422,3,276
145425,2,66
145430,4,139
145436,4,78
145536,6,668
145641,0,5
145676,0,5
145700,4,43
145766,0,9
145792,2,71
145793,6,427
145813,0,5
145853,0,59
145925,2,36
145960,0,872
145993,0,178
146076,6,376
146105,4,80
146109,10,355
146138,6,59
146142,16,299
146216,0,27
146287,2,66
146382,6,202
146412,1,92
146431,10,272
146451,6,78
146469,4,793
146470,4,34
146486,8,182
146487,4,542
146524,8,277
146576,4,364
146578,0,5
146612,0,5
146663,25,1097
146672,0,9
146683,0,3
146690,0,5
146808,0,62
146844,0,3
146856,2,168
146895,0,4
146979,2,450
146994,0,6
147039,4,61
147092,12,232
147114,6,169
147117,0,5
147121,0,5
147147,3,620
147240,8,186
147258,2,96
147375,7,263
147381,0,70
147403,4,16
147426,4,122
147431,12,175
147452,0,11
147523,0,13
147524,0,10
147588,4,197
147646,0,9
147686,4,200
147689,7,726
147693,4,692
147725,3,267
147752,3,430
147786,3,141
147813,5,259
147836,2,52
147840,4,229
147857,4,231
147876,4,307
147899,3,137
147966,5,249
148048,4,247
148118,6,787
148125,17,1260
148134,2,102
148284,4,245
148399,4,158
148415,0,5
148443,0,6
148444,2,56
148451,1,15
148479,4,156
148508,4,79
148526,10,211
148580,0,216
148592,6,177
148631,8,474
148671,8,901
148675,0,13
148722,2,136
148779,12,457
148797,4,107
148867,4,36
148875,0,5
148908,2,211
148914,2,776
149019,2,102
149054,0,8
149096,12,448
149108,0,5
149117,10,105
149122,5,135
149127,0,54
149132,0,8
149153,0,1
149188,22,802
149213,0,3
149215,12,358
149265,6,112
149281,4,428
149310,0,293
149315,8,491
149319,0,5
149327,6,112
149375,8,273
149392,4,374
149409,2,520
149451,4,117
149452,0,5
149480,14,434
149506,0,5
149533,4,101
149641,2,75
149654,2,1190
149684,4,505
149717,0,468
149789,0,7
149794,0,613
149795,0,121
149825,0,4
149844,6,718
149878,6,165
149884,5,127
149887,0,2
149903,14,701
149911,96,7189
149934,2,123
149949,2,737
149984,10,850
150013,4,98
150035,5,299
150087,2,126
150112,2,131
150243,13,377
150252,6,182
150273,8,233
150279,10,357
150282,2,50
150318,16,2261
150343,0,5
150347,2,17
150456,12,772
150511,2,46
150540,0,376
150541,9,1117
150549,4,257
150616,4,141
150639,4,230
150649,8,141
150651,0,12
150669,0,9
150709,0,7
150735,4,185
150760,0,8
150776,8,316
150790,16,145
150881,16,1355
150934,0,16
150958,0,5
150962,36,977
150970,1,385
151047,2,168
151157,4,239
151167,8,303
151172,1,60
151210,0,5
151239,1,62
151248,4,229
151270,4,227
151281,0,5
151313,0,31
151412,0,4
151434,1,39
151478,11,878
151503,4,71
151549,2,362
151555,8,323
151579,26,1239
151592,6,339
151605,35,2557
151641,0,7
151657,0,5
151668,6,105
151680,6,112
151689,2,191
151715,8,355
151795,8,1036
151816,0,92
151838,0,2
151966,2,111
151971,9,915
151980,12,512
152008,0,13
152035,0,5
152039,0,5
152051,0,2
152089,3,131
152131,6,64
152135,6,62
152136,18,463
152170,10,535
152206,8,237
152217,0,5
152243,6,455
152262,4,147
152315,8,104
152322,4,318
152325,0,8
152461,0,5
152528,4,200
152558,2,104
152563,0,5
152607,8,107
152611,0,5
152644,20,1093
152655,0,58
152735,4,361
152771,0,17
152823,4,97
152842,12,2240
152861,40,1948
152890,10,213
152902,8,198
152916,0,5
152953,4,206
152958,3,129
152994,4,234
153054,8,89
153089,0,5
153145,2,186
153222,8,402
153226,0,5
153302,4,70
153329,2,402
153404,0,91
153406,0,126
153428,3,364
153502,0,5
153507,16,573
153566,4,90
153626,10,163
153724,0,39
153776,6,316
153819,6,160
153840,14,173
153911,30,417
153921,7,324
153986,0,5
154033,6,230
154063,6,203
154069,4,123
154101,6,1300
154124,3,49
154169,2,58
154172,0,323
154206,8,159
154271,16,317
154274,13,222
154281,4,319
154312,2,61
154439,2,82
154447,4,126
154470,0,2
154471,8,551
154472,4,362
154482,13,603
154517,0,25
154533,16,169
154549,13,725
154566,4,98
154588,0,70
154611,0,4
154696,2,124
154726,8,71
154727,0,107
154733,0,6
154747,2,49
154808,29,1160
154831,4,127
154857,68,1063
154868,6,106
154890,0,9
154905,6,142
154906,4,228
154924,9,391
154953,0,216
154960,0,8
155008,2,159
155014,4,262
155051,10,229
155061,4,119
155104,2,271
155164,6,82
155166,0,5
155248,10,268
155307,0,5
155342,6,78
155372,2,54
155373,6,269
155419,7,615
155456,6,179
155462,8,347
155503,0,5
155577,7,935
155604,0,5
155639,6,361
155719,4,106
155722,18,265
155724,7,533
155739,0,19
155747,4,171
155763,5,240
155807,2,121
155844,4,336
155856,82,2921
155870,11,1251
155984,4,136
156012,60,2671
156062,20,4678
156065,2,108
156109,70,2586
156110,14,244
156140,21,1333
156175,2,57
156199,0,35
156206,2,170
156391,0,404
156477,0,102
156488,6,147
156586,0,24
156615,4,220
156645,10,320
156652,2,38
156659,2,52
156678,13,388
156705,0,1
156779,4,71
156843,20,632
156904,6,71
156947,0,52
156954,2,58
156959,4,289
156976,0,5
157043,3,333
157068,3,118
157083,2,51
157087,4,129
157090,4,113
157095,6,251
157227,6,498
157240,2,48
157279,4,40
157283,1,126
157324,0,1
157337,0,5
157370,4,49
157408,6,76
157422,10,1284
157438,0,6
157451,0,9
157489,28,1285
157538,42,1285
157548,0,14
157578,4,340
157581,19,1669
157584,0,1
157591,1,316
157593,1,316
157708,0,11
157714,2,121
157805,23,1595
157826,1,350
157832,20,849
157840,6,79
157845,8,133
157847,4,123
157860,0,8
157900,22,737
157908,0,11
157925,0,5
157926,4,433
157933,0,23
157942,10,298
157951,8,65
157962,6,126
157967,0,3
158000,0,5
158041,13,527
158081,0,5
158102,8,142
158145,12,132
158264,2,454
158265,0,53
158271,4,104
158311,1,275
158314,2,85
158319,6,44
158360,7,2358
158400,0,5
158410,8,421
158419,6,40
158432,6,368
158441,0,5
158453,2,201
158490,22,591
158508,8,250
158519,0,8
158537,7,148
158538,6,135
158618,4,219
158691,0,7
158692,6,101
158701,4,309
158707,6,179
158731,16,438
158743,26,559
158760,6,269
158761,0,1
158778,4,460
158794,2,159
158795,2,142
158806,2,647
158836,0,5
158881,6,388
158888,0,5
158906,3,101
158923,2,61
158962,12,338
158970,0,5
159069,46,625
159095,2,79
159109,0,5
159197,19,402
159251,0,8
159298,0,9
159310,4,147
159340,6,266
159349,0,183
159352,6,310
159366,2,620
159432,0,22
159466,2,230
159521,0,16
159583,2,195
159652,3,132
159654,3,158
159656,1,52
159665,10,407
159682,0,81
159706,4,1869
159712,0,5
159756,10,72
159798,6,208
159821,0,5
159831,0,4
159836,8,67
159854,2,20
159879,2,18
159917,11,253
159953,8,80
159961,4,92
160033,6,321
160046,10,589
160055,0,5
160099,8,79
160151,10,277
160218,0,5
160248,38,1915
160258,4,206
160308,10,176
160317,160,6496
160415,0,5
160430,6,284
160504,2,559
160562,2,63
160584,17,1289
160609,8,958
160611,0,5
160624,0,10
160641,2,83
160657,0,5
160704,4,78
160705,4,127
160720,2,113
160727,6,178
160731,4,103
160754,0,17
160796,4,142
160801,18,731
160829,0,13
160834,2,85
160886,10,185
160973,0,11
160976,12,207
160981,12,441
160997,0,202
161001,2,181
161050,14,380
161154,6,243
161174,8,498
161180,6,455
161205,9,142
161214,6,233
161222,2,242
161252,0,5
161274,4,85
161294,4,242
161316,6,205
161323,4,87
161335,4,127
161346,0,5
161363,6,350
161365,10,569
161383,0,3
161386,12,222
161389,0,15
161397,16,564
161423,7,127
161449,2,29
161478,20,763
161481,2,312
161537,4,186
161563,0,19
161566,6,309
161594,4,281
161614,6,217
161625,6,266
161633,0,4
161682,4,113
161696,4,424
161718,4,332
161744,0,167
161747,2,20
161757,0,5
161897,6,177
161927,6,163
161933,2,42
161953,2,50
162019,0,169
162020,23,1897
162041,8,444
162089,2,867
162112,2,197
162131,8,406
162134,2,361
162150,12,668
162283,24,620
162293,6,83
162369,8,326
162376,6,200
162385,4,560
162514,10,213
162557,0,119
162570,0,3
162585,10,262
162661,2,183
162723,4,295
162733,0,5
162738,0,6
162770,2,32
162803,32,1381
162859,14,260
162897,0,11
162954,0,5
163073,10,119
163092,8,374
163097,0,30
163109,4,132
163139,6,311
163211,18,518
163222,6,323
163282,6,385
163326,14,161
163387,2,141
163393,14,607
163397,6,529
163430,2,112
163466,8,215
163509,2,390
163525,6,118
163556,0,71
163596,4,64
163612,1,46
163659,6,457
163695,4,103
163851,0,158
163857,16,592
163866,6,512
163884,0,5
163934,16,1592
164001,20,402
164086,0,84
164088,0,11
164152,10,425
164196,2,49
164199,0,5
164213,0,4
164220,6,176
164229,0,5
164245,0,9
164267,14,471
164322,4,216
164335,2,221
164412,0,39
164437,0,57
164455,0,28
164460,0,5
164528,8,127
164545,10,271
164551,8,244
164660,0,31
164664,2,195
164680,0,56
164743,0,6
164760,3,129
164764,4,76
164803,16,558
164831,3,27
164874,8,934
164896,6,77
164956,12,753
164987,3,218
165009,6,165
165026,0,1
165066,4,153
165078,2,493
165100,0,16
165196,2,212
165208,20,1109
165220,18,1030
165257,49,1651
165335,0,5
165411,0,235
165457,1,225
165507,0,15
165522,10,676
165560,4,125
165565,0,40
165574,8,300
165580,13,350
165614,10,191
165646,0,12
165656,36,908
165672,0,127
165678,3,116
165714,12,515
165737,6,174
165777,10,276
165785,2,62
165827,2,405
165850,3,319
165854,5,361
165877,5,466
165880,0,5
165886,0,5
165900,12,465
165916,0,3
165936,6,382
165964,4,21
166001,8,590
166039,16,840
166109,9,336
166265,4,35
166293,6,230
166351,2,105
166408,8,90
166410,16,446
166549,4,279
166624,0,14
166667,4,350
166693,0,153
166700,14,255
166745,8,170
166780,2,92
166799,14,166
166860,0,46
166867,6,160
166964,3,39
167018,0,17
167026,4,45
167155,8,426
167165,2,41
167210,6,832
167240,4,131
167243,8,286
167291,0,5
167319,4,32
167366,6,103
167384,9,316
167390,9,400
167397,6,76
167414,2,111
167523,0,7
167526,6,60
167559,0,3
167591,22,1094
167610,2,159
167673,12,344
167723,4,337
167769,2,73
167796,7,413
167800,6,145
167834,0,5
167849,20,682
167886,0,481
167926,0,9
168003,0,5
168018,0,5
168029,4,875
168033,6,104
168039,4,59
168066,11,403
168089,4,15
168128,0,527
168142,10,486
168205,0,85
168216,3,108
168277,27,697
168280,6,258
168287,10,198
168292,6,599
168345,0,952
168359,2,126
168381,25,762
168408,0,5
168439,8,313
168458,4,529
168465,2,172
168509,9,1159
168543,0,2
168559,12,849
168563,18,679
168582,3,205
168604,6,228
168620,24,1055
168647,3,132
168663,6,184
168684,0,5
168782,2,45
168965,0,2
169008,4,95
169061,6,285
169089,28,1504
169109,0,2
169141,18,326
169143,2,75
169180,8,149
169221,2,40
169222,8,1295
169245,40,1086
169370,0,1
169389,8,54
169422,8,411
169454,14,485
169530,0,0
169544,5,491
169577,14,931
169602,0,138
169640,2,109
169659,0,5
169665,2,117
169749,4,768
169823,7,227
169845,0,75
169904,0,5
169913,3,276
169999,3,303
170023,2,1274
170053,2,103
170067,0,80
170095,4,842
170123,2,71
170149,0,18
170191,4,81
170194,6,55
170205,0,115
170227,60,1634
170240,7,397
170291,8,963
170301,4,68
170361,0,5
170366,8,521
170394,4,286
170412,4,292
170420,30,453
170449,53,4649
170494,8,220
170515,0,5
170532,0,9
170545,4,102
170559,0,9
170566,30,3188
170572,7,867
170584,4,66
170625,0,5
170633,8,112
170666,4,204
170696,12,651
170702,0,2
170726,14,245
170759,10,324
170787,6,549
170832,0,5
170845,2,45
170858,2,128
170899,12,332
170915,12,211
170962,0,54
170978,0,1
171020,2,30
171086,0,5
171150,0,2
171192,6,557
171203,2,150
171249,3,350
171262,5,273
171287,5,181
171379,0,21
171390,6,137
171399,12,81
171471,0,97
171553,20,545
171608,2,51
171609,0,5
171655,0,15
171701,12,600
171719,0,5
171721,2,183
171730,0,10
171764,3,146
171788,4,213
171791,0,103
171829,0,83
171859,0,5
171862,0,8
171897,6,375
171906,0,11
172037,10,198
172110,6,255
172150,0,131
172179,0,5
172180,2,36
172192,5,97
172202,14,577
172204,8,968
172260,2,186
172266,2,158
172292,2,260
172295,22,692
172301,0,5
172399,4,44
172408,46,1471
172416,8,405
172483,6,177
172499,6,201
172524,8,120
172532,0,176
172572,0,79
172611,20,496
172635,10,646
172722,8,197
172764,8,657
172804,6,64
172832,0,3
172904,2,196
172915,4,60
172988,0,14
173007,0,5
173008,0,5
173036,0,3
173044,6,246
173127,0,6
173161,6,56
173163,12,122
173178,0,9
173257,2,268
173269,0,35
173287,8,223
173306,14,477
173313,4,136
173359,0,7
173368,2,55
173384,0,10
173399,0,8
173401,8,73
173407,0,62
173462,0,5
173517,2,179
173546,6,123
173629,22,449
173667,0,5
173692,0,6
173693,0,5
173718,0,14
173719,0,7
173732,4,66
173747,0,10
173770,4,92
173851,0,1821
173858,4,112
173860,6,231
173882,0,1
173889,0,5
173927,0,5
173935,0,7
173941,70,3787
173974,103,4317
174032,2,85
174036,2,131
174106,4,104
174116,0,7
174176,4,90
174233,2,227
174264,14,972
174268,16,291
174278,8,368
174281,0,6
174310,0,5
174342,0,3
174345,1,136
174348,10,794
174364,2,193
174373,0,2
174381,0,5
174550,4,64
174571,2,101
174605,2,299
174631,0,5
174641,40,1535
174688,0,5
174696,4,24
174782,0,5
174784,10,155
174819,0,5
174882,0,5
174945,0,2
174972,16,148
174997,0,15
175009,0,6
175012,2,913
175050,4,190
175053,4,352
175090,2,164
175096,8,171
175102,1,112
175151,3,230
175190,6,276
175258,8,339
175297,0,5
175337,0,156
175358,14,914
175390,4,76
175456,6,162
175498,6,162
175576,6,218
175630,2,86
175680,8,220
175706,12,606
175707,2,280
175731,6,158
175734,2,104
175760,8,569
175787,0,22
175799,16,588
175809,0,60
175839,16,1433
175861,16,242
175865,12,156
175870,18,631
176053,68,1157
176112,2,14
176143,0,29
176178,18,419
176340,0,5
176347,2,48
176414,0,5
176447,2,459
176454,0,10
176456,3,200
176461,0,62
176498,6,200
176520,4,178
176538,4,107
176569,0,5
176582,2,83
176594,6,238
176613,26,918
176621,0,45
176628,0,450
176680,4,82
176681,6,142
176700,4,140
176748,0,5
176758,4,376
176795,22,298
176850,17,534
176866,0,185
176947,0,5
176972,2,36
177005,0,5
177028,0,14
177063,20,200
177065,10,63
177073,8,380
177076,20,464
177091,0,10
177143,8,290
177180,2,42
177183,0,5
177241,0,37
177248,14,317
177289,6,58
177320,1,92
177333,0,5
177349,2,211
177523,9,868
177584,10,264
177589,0,3
177658,0,5
177732,0,3
177762,2,193
177767,8,209
177772,9,378
177808,2,54
177862,0,98
177938,2,234
177966,2,129
177978,2,29
178035,0,5
178068,0,5
178073,0,53
178106,0,60
178109,8,660
178122,4,43
178127,2,204
178141,25,1817
178153,3,27
178159,2,153
178164,6,330
178205,1,74
178213,2,78
178216,4,277
178250,0,5
178294,2,14
178297,44,585
178371,6,133
178406,0,2
178446,14,638
178452,14,1086
178465,0,5
178474,2,72
178475,6,116
178510,3,251
178511,6,514
178552,2,80
178565,0,5
178577,4,168
178584,2,43
178602,21,303
178633,2,1067
178671,2,69
178684,10,229
178713,6,157
178736,3,315
178836,4,154
178849,6,78
178851,8,343
178865,0,5
178875,6,206
178929,24,288
178962,14,198
178970,0,5
178973,0,5
178975,4,106
178981,5,595
179051,2,128
179112,8,279
179118,46,930
179133,0,6
179205,6,137
179206,6,88
179293,2,491
179319,6,229
179324,0,5
179356,14,730
179406,2,27
179442,0,6
179456,0,5
179470,2,123
179477,14,432
179479,0,6
179562,18,675
179571,0,5
179637,2,98
179642,8,122
179671,6,583
179673,3,127
179711,8,187
179724,8,112
179741,8,121
179924,0,4
179961,24,327
179964,14,366
179971,0,5
180033,22,1354
180038,0,65
180046,4,359
180089,2,127
180101,0,50
180127,0,17
180155,8,207
180230,0,1
180236,4,205
180271,22,458
180297,2,142
180316,0,90
180377,0,5
180385,6,378
180425,22,2141
180445,2,227
180464,0,46
180494,6,187
180538,68,1523
180541,5,275
180547,2,51
180562,8,1062
180615,0,2
180626,16,739
180708,0,5
180760,14,247
180842,10,331
180878,0,6
180921,6,160
180968,6,441
181017,8,400
181019,0,141
181100,4,162
181113,0,7
181200,5,731
181211,0,21
181240,0,364
181339,4,195
181349,0,9
181373,0,19
181439,0,7
181536,0,2
181540,10,343
181571,12,268
181618,0,12
181655,8,603
181682,2,68
181688,8,117
181703,4,88
181713,0,5
181744,3,28
181757,0,69
181775,2,76
181793,17,1074
181805,20,510
181901,22,629
181921,8,215
181963,0,47
181978,16,950
181982,0,10
181986,12,261
181994,0,1
181999,4,78
182000,0,11
182010,2,160
182020,13,390
182031,0,198
182093,0,7
182099,6,85
182156,0,186
182165,18,527
182173,0,13
182190,0,2
182273,0,18
182352,2,30
182414,26,552
182421,17,644
182469,10,61
182476,0,5
182482,12,297
182494,0,5
182498,8,298
182499,14,1314
182543,2,186
182583,5,685
182626,42,844
182632,0,70
182675,6,166
182971,4,72
183015,18,293
183023,4,72
183024,4,43
183032,0,6
183056,8,151
183082,0,10
183110,12,321
183124,8,192
183141,0,5
183147,8,402
183195,34,1429
183197,0,9
183229,3,245
183232,0,5
183318,8,706
183352,0,6
183362,16,1528
183389,0,51
183394,4,123
183404,10,1005
183415,0,50
183463,0,1
183493,2,208
183530,48,2157
183538,4,79
183543,10,414
183586,10,583
183609,16,463
183720,2,253
183760,8,93
183812,1,64
183826,28,987
183844,5,272
183851,0,4
183911,4,374
183958,0,11
183976,2,113
183984,4,63
183986,3,243
183999,4,23
184052,10,618
184098,0,3
184158,4,47
184173,3,252
184191,18,411
184219,18,637
184220,12,345
184238,23,1334
184320,4,240
184338,30,882
184355,20,486
184538,0,5
184554,0,5
184579,0,5
184590,4,592
184621,4,182
184672,6,283
184731,12,355
184736,8,535
184739,14,184
184853,4,92
184887,2,209
184889,0,5
184940,2,50
184944,8,435
185118,2,66
185119,12,155
185183,0,86
185189,8,77
185219,10,283
185224,12,833
185235,34,1466
185249,0,5
185265,0,71
185298,14,580
185401,14,304
185411,10,542
185430,32,1581
185441,22,1155
185451,10,186
185462,24,1098
185527,2,323
185542,24,522
185566,0,5
185568,4,94
185626,0,5
185638,16,544
185641,2,10
185654,0,5
185657,4,586
185680,0,335
185682,0,5
185690,3,187
185692,0,5
185795,2,330
185827,0,5
185840,0,14
185875,2,10
185963,16,2210
186021,1,21
186046,0,5
186081,0,82
186107,0,95
186137,2,57
186240,24,1725
186250,0,1
186272,0,5
186283,10,84
186297,0,94
186309,6,244
186330,1,18
186384,0,8
186386,4,116
186417,0,1
186432,6,412
186471,4,79
186538,0,1
186543,0,5
186572,9,446
186589,1,83
186600,4,39
186638,2,50
186652,0,215
186664,0,5
186678,8,183
186697,3,83
186750,2,217
186857,0,12
186937,2,133
186946,4,185
186970,0,50
187012,18,1038
187067,8,184
187076,2,60
187112,4,124
187120,4,148
187243,6,414
187256,10,130
187282,14,388
187292,6,362
187357,3,298
187374,8,307
187438,2,53
187531,1,49
187535,1,54
187538,1,42
187585,0,5
187595,13,592
187608,10,194
187621,10,169
187631,0,336
187665,0,24
187668,4,28
187706,4,106
187722,10,288
187745,6,88
187774,0,5
187803,10,313
187808,0,259
187816,0,46
187838,10,444
187847,8,109
187861,4,32
187866,4,184
187878,4,88
187883,4,106
187896,8,242
187926,4,149
187931,2,85
187934,14,1160
187980,0,23
188015,10,584
188022,10,328
188027,6,72
188116,5,229
188125,26,1866
188223,22,274
188231,2,49
188239,0,32
188261,5,251
188342,0,48
188430,6,157
188485,0,5
188507,0,5
188523,8,129
188626,2,359
188634,16,712
188643,0,8
188650,0,2
188654,2,62
188671,4,68
188684,14,593
188749,4,79
188761,6,309
188800,11,816
188813,0,5
188828,0,22
188835,4,80
188864,0,5
188971,6,67
188972,6,298
189015,0,27
189072,3,490
189131,24,663
189140,0,16
189158,20,305
189183,0,2
189257,4,68
189270,4,53
189282,6,114
189298,8,99
189345,4,117
189349,0,165
189356,24,1004
189400,14,1075
189431,28,511
189527,8,140
189634,0,5
189774,7,528
189819,5,325
189841,14,600
189846,4,103
189853,1,307
189854,0,2
189863,2,60
189908,0,5
189916,20,529
189953,0,101
189972,0,5
189981,0,3
189992,0,5
190049,2,88
190223,8,1085
190246,8,452
190298,0,165
190305,0,5
190306,4,216
190374,0,28
190380,8,353
190403,4,74
190428,12,137
190451,0,1010
190455,3,249
190501,0,1
190534,6,382
190542,2,145
190594,9,1306
190652,6,334
190663,4,418
190683,4,215
190729,6,54
190735,3,82
190766,0,5
190789,4,305
190820,8,113
190884,14,226
190931,2,75
190935,4,64
190982,0,5
190992,2,149
191036,6,537
191059,6,45
191064,0,222
191076,2,47
191124,11,470
191130,0,5
191137,6,86
191143,24,695
191145,14,600
191196,8,223
191222,0,155
191229,0,5
191308,0,384
191337,10,524
191338,12,1030
191359,4,100
191393,0,5
191399,0,5
191432,2,301
191464,4,51
191476,24,1096
191525,2,567
191541,0,12
191552,8,220
191566,0,23
191567,11,237
191587,20,487
191619,0,1
191640,13,1674
191654,4,367
191669,0,5
191673,0,5
191682,0,109
191704,2,57
191739,6,343
191745,4,280
191750,26,1266
191762,3,27
191770,0,8
191805,14,721
191970,6,310
191994,6,410
192031,12,376
192064,0,9
192074,2,82
192093,8,455
192150,0,4
192172,9,987
192185,32,690
192223,2,381
192239,14,410
192250,26,604
192302,22,483
192382,4,277
192402,11,1155
192441,0,31
192510,7,440
192535,6,416
192541,6,344
192553,4,47
192560,16,1312
192569,4,20
192610,2,528
192621,6,179
192646,0,17
192663,0,53
192689,6,350
192713,5,330
192714,0,1
192755,0,84
192765,0,2
192792,0,5
192870,0,5
192914,0,5
192985,9,503
192986,0,5
192993,0,5
193012,4,185
193044,8,1232
193076,0,5
193092,0,5
193109,0,75
193137,18,443
193173,20,410
193217,0,6
193252,0,5
193268,0,5
193272,12,2419
193273,0,70
193287,18,236
193305,0,5
193333,0,5
193480,4,259
193493,0,7
193505,4,65
193512,3,263
193517,0,15
193564,2,93
193617,34,799
193636,7,124
193655,0,29
193691,2,523
193713,0,5
193716,0,5
193861,2,253
193883,50,1330
193912,4,492
193962,0,13
194051,39,918
194052,0,17
194066,11,278
194077,2,115
194081,6,46
194127,24,838
194180,10,91
194183,0,6
194184,0,6
194223,10,518
194234,4,58
194243,7,1160
194259,4,132
194346,0,22
194441,2,51
194483,8,281
194490,0,6
194584,4,122
194592,10,359
194615,9,306
194653,5,368
194659,2,109
194666,0,8
194667,0,5
194687,6,168
194692,6,78
194700,6,26
194735,6,55
194772,0,1
194807,6,272
194818,1,80
194860,3,288
194875,8,189
194952,32,1972
194953,6,497
194957,14,552
195001,18,277
195018,6,237
195072,6,140
195093,0,8
195160,4,76
195179,2,73
195187,0,29
195224,0,3
195311,3,57
195327,0,6
195347,6,132
195426,1,188
195517,8,199
195559,16,279
195585,2,263
195599,20,363
195604,0,3
195718,10,224
195728,1,733
195742,4,47
195755,2,102
195842,0,14
195854,0,5
195909,4,137
195921,4,53
195922,0,5
195943,4,129
195973,4,129
195985,0,5
196099,12,372
196135,4,290
196175,0,167
196221,6,123
196244,4,137
196245,4,48
196305,0,5
196308,4,53
196354,8,245
196411,5,52
196435,4,44
196462,6,783
196488,30,801
196499,4,18
196555,0,195
196588,0,5
196591,0,7
196602,16,671
196614,10,356
196630,4,133
196724,0,6
196758,0,36
196784,3,229
196799,4,52
196915,0,5
196961,4,57
197033,6,26
197102,6,24
197137,6,322
197210,0,5
197251,0,5
197287,0,2
197300,0,5
197323,7,202
197531,1,36
197545,8,198
197583,0,40
197595,0,45
197598,4,74
197601,0,40
197610,4,89
197619,4,206
197642,6,532
197683,0,9
197685,0,123
197770,6,223
197783,11,991
197844,0,62
197879,10,334
197882,2,50
197892,6,36
197894,123,8426
197922,4,178
197954,22,286
197955,4,112
197974,0,38
198122,2,19
198135,26,848
198139,0,21
198151,2,263
198203,14,229
198244,75,3758
198271,6,62
198312,52,1127
198346,0,4
198361,4,428
198390,12,1462
198441,3,66
198447,14,254
198508,0,5
198541,0,5
198555,0,227
198559,10,320
198645,22,485
198674,2,30
198676,0,224
198711,0,5
198724,4,472
198725,0,101
198760,0,6
198818,0,27
198820,0,10
198854,4,94
198974,23,507
199005,6,96
199018,6,136
199093,4,46
199130,5,194
199142,13,381
199156,0,5
199213,0,5
199218,2,115
199243,4,154
199259,0,5
199278,10,152
199282,0,9
199298,42,1922
199340,0,276
199415,1,115
199447,4,19
199486,4,160
199493,4,174
199520,12,259
199591,8,224
199599,3,419
199709,38,775
199769,2,103
199796,2,224
199830,0,6
199957,4,140
199958,0,5
199985,28,1470
200004,4,71
200015,4,92
200035,16,335
200077,0,2
200080,0,2
200110,4,180
200117,2,52
200174,18,884
200193,3,157
200209,4,145
200215,12,922
200220,0,5
200235,4,275
200243,14,362
200334,5,885
200355,1,92
200476,4,284
200529,10,176
200551,20,1355
200579,3,144
200583,5,459
200625,0,5
200671,0,18
200673,2,89
200686,0,19
200766,10,214
200839,72,2558
200845,20,699
200872,18,463
200902,4,48
200946,2,39
200976,32,1678
201023,8,1990
201027,8,2052
201070,4,100
201098,16,3079
201105,8,1041
201146,30,862
201271,28,612
201306,8,223
201307,68,2379
201309,66,2337
201319,3,202
201321,8,373
201398,2,122
201407,3,97
201417,1,307
201461,4,73
201506,6,140
201549,6,106
201561,2,32
201581,0,20
201622,2,82
201690,7,112
201711,0,20
201721,10,278
201769,0,12
201782,0,36
201853,0,76
201874,4,84
201923,4,58
202056,16,700
202081,0,154
202115,8,185
202131,26,497
202138,0,25
202148,8,152
202166,0,6
202200,14,2127
202220,14,546
202231,5,88
202252,0,81
202265,3,197
202340,1,150
202372,8,271
202373,6,853
202423,0,74
202443,0,5
202460,2,70
202461,12,622
202482,12,481
202497,6,1021
202516,2,54
202554,0,5
202575,0,5
202599,0,5
202602,0,5
202610,0,5
202662,26,455
202666,16,209
202667,16,217
202673,22,414
202733,0,5
202735,0,5
202742,6,250
202802,6,54
202840,2,18
202900,2,37
202966,4,1016
203028,12,446
203039,0,6
203056,0,6
203060,6,107
203092,4,99
203131,12,429
203146,18,523
203247,16,190
203327,4,197
203352,0,295
203361,3,158
203375,3,136
203382,4,158
203549,2,38
203561,0,11
203574,4,111
203599,0,10
203645,2,36
203671,4,78
203694,0,57
203733,2,476
203779,8,588
203804,1,185
203818,6,287
203857,0,12
203974,2,220
204090,8,198
204162,8,164
204168,0,5
204229,0,14
204232,6,27
204279,0,5
204332,0,14
204371,58,1731
204402,4,89
204419,0,250
204478,56,2504
204559,2,160
204596,2,104
204605,26,765
204656,0,9
204674,2,80
204681,0,20
204724,0,5
204743,4,223
204796,0,5
204809,1,55
204823,7,353
204885,8,61
204890,0,5
204898,2,403
204934,6,70
204936,0,46
204967,2,53
204984,6,698
205015,6,143
205040,0,15
205094,0,33
205111,7,248
205112,2,82
205127,4,111
205165,0,7
205241,0,5
205252,0,5
205255,15,654
205306,7,920
205395,0,74
205421,4,88
205426,0,5
205467,0,23
205497,0,44
205498,4,136
205539,0,112
205562,0,135
205592,0,40
205595,6,168
205597,0,52
205631,12,425
205653,3,229
205675,36,457
205682,0,5
205737,10,1568
205753,18,818
205787,4,31
205902,10,259
205923,6,38
206027,2,180
206045,2,214
206063,6,257
206106,12,203
206109,4,193
206130,4,299
206232,2,81
206344,1,40
206366,4,189
206379,14,178
206397,12,199
206463,0,5
206467,4,339
206471,12,542
206505,4,116
206516,14,204
206518,3,56
206591,2,76
206606,4,241
206623,8,400
206638,0,5
206740,0,5
206760,0,39
206766,0,4
206773,19,510
206783,0,5
206852,2,53
206855,13,261
206857,6,362
206872,4,270
206907,6,85
206938,0,15
206992,6,197
207013,2,350
207047,12,549
207062,4,27
207085,2,32
207086,2,17
207112,4,247
207125,10,103
207157,0,0
207223,22,898
207240,0,27
207280,1,65
207296,6,143
207409,0,7
207431,0,5
207484,0,5
207620,14,478
207644,0,10
207781,4,110
207783,8,151
207795,0,4
207831,5,97
207846,1,24
207889,2,75
207933,0,74
207936,0,48
207940,0,16
207954,28,1592
207961,0,5
207991,12,216
207995,2,524
208026,14,527
208086,2,194
208110,8,481
208129,0,5
208144,0,12
208217,0,14
208223,9,249
208303,2,252
208330,10,125
208332,3,36
208344,0,11
208423,0,5
208497,2,20
208513,28,514
208522,12,1548
208546,2,37
208591,6,96
208624,5,101
208645,4,140
208657,6,206
208688,5,133
208699,3,143
208716,0,17
208735,0,5
208746,6,32
208755,8,208
208770,14,280
208789,0,5
208821,0,4
208853,0,30
208863,0,23
208894,1,37
208905,10,298
208990,10,311
208991,5,238
209093,0,26
209120,4,215
209182,4,215
209331,4,109
209399,4,88
209410,2,592
209511,94,4233
209517,0,20
209525,2,54
209530,26,1772
209549,3,87
209572,2,52
209606,3,88
209636,14,477
209660,30,824
209661,17,1810
209678,5,691
209680,6,191
209698,2,39
209728,2,106
209836,0,5
209841,10,989
209859,6,91
209912,0,5
209913,0,5
209926,0,5
209927,12,417
209928,5,193
209931,8,722
209933,4,51
209949,4,216
209954,38,1676
209963,4,91
209972,1,71
210007,6,352
210048,2,55
210098,6,47
210113,66,2794
210119,0,5
210201,2,47
210214,6,338
210310,6,248
210381,18,413
210423,8,141
210441,0,209
210465,6,169
210469,2,120
210498,0,30
210548,6,301
210561,13,858
210568,0,5
210619,0,6
210629,2,116
210667,4,74
210671,0,4
210716,0,9
210718,2,97
210728,0,4
210743,46,2347
210750,0,5
210788,4,22
210809,18,123
210823,0,5
210845,1,403
210850,0,6
210878,8,366
210923,10,200
210935,6,227
210967,0,343
210994,0,39
210997,0,5
211001,0,5
211005,8,158
211057,0,5
211103,8,160
211173,0,5
211245,0,8
211246,18,706
211261,0,5
211329,4,239
211381,0,28
211385,2,84
211409,0,55
211418,0,5
211442,28,913
211487,4,176
211491,4,60
211539,6,171
211619,9,557
211638,12,465
211641,4,299
211776,28,365
211850,0,233
211891,22,192
211948,6,96
211987,2,328
211992,0,14
212029,4,363
212032,0,5
212041,0,5
212091,4,85
212096,0,5
212101,4,60
212109,0,1
212153,4,262
212178,14,306
212184,8,586
212216,2,23
212252,4,126
212273,2,466
212276,4,521
212292,0,5
212381,10,159
212399,0,5
212444,10,322
212496,0,15
212503,0,5
212507,0,639
212532,0,7
212535,8,647
212550,6,867
212578,0,4
212625,0,5
212727,6,236
212745,18,123
212759,6,426
212771,4,311
212787,0,275
212799,12,125
212919,2,122
212972,5,80
212987,6,66
213001,5,1019
213003,14,258
213006,0,7
213031,1,14
213072,4,506
213082,8,130
213130,2,35
213209,4,222
213293,10,363
213368,1,193
213396,2,323
213492,22,877
213497,2,33
213536,4,27
213548,0,5
213600,0,21
213608,0,2
213624,10,305
213654,0,5
213696,0,5
213706,0,12
213710,6,48
213778,4,364
213781,0,1
213790,0,5
213848,4,209
213913,6,132
213916,8,586
213919,2,80
213940,2,46
214015,1,91
214025,30,691
214068,2,57
214122,0,5
214128,4,85
214205,0,5
214212,0,5
214273,0,37
214307,2,86
214309,6,322
214358,2,197
214360,2,91
214362,0,5
214382,2,61
214390,2,49
214445,6,702
214485,0,21
214518,2,64
214519,0,17
214531,0,1
214570,22,754
214578,4,946
214738,0,5
214748,0,5
